-- MySQL dump 10.13  Distrib 8.4.3, for Win64 (x86_64)
--
-- Host: localhost    Database: smay8199_web
-- ------------------------------------------------------
-- Server version	5.5.5-10.11.15-MariaDB

/*!40101 SET @OLD_CHARACTER_SET_CLIENT=@@CHARACTER_SET_CLIENT */;
/*!40101 SET @OLD_CHARACTER_SET_RESULTS=@@CHARACTER_SET_RESULTS */;
/*!40101 SET @OLD_COLLATION_CONNECTION=@@COLLATION_CONNECTION */;
/*!50503 SET NAMES utf8mb4 */;
/*!40103 SET @OLD_TIME_ZONE=@@TIME_ZONE */;
/*!40103 SET TIME_ZONE='+00:00' */;
/*!40014 SET @OLD_UNIQUE_CHECKS=@@UNIQUE_CHECKS, UNIQUE_CHECKS=0 */;
/*!40014 SET @OLD_FOREIGN_KEY_CHECKS=@@FOREIGN_KEY_CHECKS, FOREIGN_KEY_CHECKS=0 */;
/*!40101 SET @OLD_SQL_MODE=@@SQL_MODE, SQL_MODE='NO_AUTO_VALUE_ON_ZERO' */;
/*!40111 SET @OLD_SQL_NOTES=@@SQL_NOTES, SQL_NOTES=0 */;

--
-- Table structure for table `auth_group`
--

DROP TABLE IF EXISTS `auth_group`;
/*!40101 SET @saved_cs_client     = @@character_set_client */;
/*!50503 SET character_set_client = utf8mb4 */;
CREATE TABLE `auth_group` (
  `id` int(11) NOT NULL AUTO_INCREMENT,
  `name` varchar(150) NOT NULL,
  PRIMARY KEY (`id`),
  UNIQUE KEY `name` (`name`)
) ENGINE=InnoDB DEFAULT CHARSET=latin1 COLLATE=latin1_swedish_ci;
/*!40101 SET character_set_client = @saved_cs_client */;

--
-- Dumping data for table `auth_group`
--

LOCK TABLES `auth_group` WRITE;
/*!40000 ALTER TABLE `auth_group` DISABLE KEYS */;
/*!40000 ALTER TABLE `auth_group` ENABLE KEYS */;
UNLOCK TABLES;

--
-- Table structure for table `auth_group_permissions`
--

DROP TABLE IF EXISTS `auth_group_permissions`;
/*!40101 SET @saved_cs_client     = @@character_set_client */;
/*!50503 SET character_set_client = utf8mb4 */;
CREATE TABLE `auth_group_permissions` (
  `id` bigint(20) NOT NULL AUTO_INCREMENT,
  `group_id` int(11) NOT NULL,
  `permission_id` int(11) NOT NULL,
  PRIMARY KEY (`id`),
  UNIQUE KEY `auth_group_permissions_group_id_permission_id_0cd325b0_uniq` (`group_id`,`permission_id`),
  KEY `auth_group_permissio_permission_id_84c5c92e_fk_auth_perm` (`permission_id`),
  CONSTRAINT `auth_group_permissio_permission_id_84c5c92e_fk_auth_perm` FOREIGN KEY (`permission_id`) REFERENCES `auth_permission` (`id`),
  CONSTRAINT `auth_group_permissions_group_id_b120cbf9_fk_auth_group_id` FOREIGN KEY (`group_id`) REFERENCES `auth_group` (`id`)
) ENGINE=InnoDB DEFAULT CHARSET=latin1 COLLATE=latin1_swedish_ci;
/*!40101 SET character_set_client = @saved_cs_client */;

--
-- Dumping data for table `auth_group_permissions`
--

LOCK TABLES `auth_group_permissions` WRITE;
/*!40000 ALTER TABLE `auth_group_permissions` DISABLE KEYS */;
/*!40000 ALTER TABLE `auth_group_permissions` ENABLE KEYS */;
UNLOCK TABLES;

--
-- Table structure for table `auth_permission`
--

DROP TABLE IF EXISTS `auth_permission`;
/*!40101 SET @saved_cs_client     = @@character_set_client */;
/*!50503 SET character_set_client = utf8mb4 */;
CREATE TABLE `auth_permission` (
  `id` int(11) NOT NULL AUTO_INCREMENT,
  `name` varchar(255) NOT NULL,
  `content_type_id` int(11) NOT NULL,
  `codename` varchar(100) NOT NULL,
  PRIMARY KEY (`id`),
  UNIQUE KEY `auth_permission_content_type_id_codename_01ab375a_uniq` (`content_type_id`,`codename`),
  CONSTRAINT `auth_permission_content_type_id_2f476e4b_fk_django_co` FOREIGN KEY (`content_type_id`) REFERENCES `django_content_type` (`id`)
) ENGINE=InnoDB AUTO_INCREMENT=113 DEFAULT CHARSET=latin1 COLLATE=latin1_swedish_ci;
/*!40101 SET character_set_client = @saved_cs_client */;

--
-- Dumping data for table `auth_permission`
--

LOCK TABLES `auth_permission` WRITE;
/*!40000 ALTER TABLE `auth_permission` DISABLE KEYS */;
INSERT INTO `auth_permission` VALUES (1,'Can add log entry',1,'add_logentry'),(2,'Can change log entry',1,'change_logentry'),(3,'Can delete log entry',1,'delete_logentry'),(4,'Can view log entry',1,'view_logentry'),(5,'Can add permission',2,'add_permission'),(6,'Can change permission',2,'change_permission'),(7,'Can delete permission',2,'delete_permission'),(8,'Can view permission',2,'view_permission'),(9,'Can add group',3,'add_group'),(10,'Can change group',3,'change_group'),(11,'Can delete group',3,'delete_group'),(12,'Can view group',3,'view_group'),(13,'Can add user',4,'add_user'),(14,'Can change user',4,'change_user'),(15,'Can delete user',4,'delete_user'),(16,'Can view user',4,'view_user'),(17,'Can add content type',5,'add_contenttype'),(18,'Can change content type',5,'change_contenttype'),(19,'Can delete content type',5,'delete_contenttype'),(20,'Can view content type',5,'view_contenttype'),(21,'Can add session',6,'add_session'),(22,'Can change session',6,'change_session'),(23,'Can delete session',6,'delete_session'),(24,'Can view session',6,'view_session'),(25,'Can add galeri',7,'add_galeri'),(26,'Can change galeri',7,'change_galeri'),(27,'Can delete galeri',7,'delete_galeri'),(28,'Can view galeri',7,'view_galeri'),(29,'Can add guru',8,'add_guru'),(30,'Can change guru',8,'change_guru'),(31,'Can delete guru',8,'delete_guru'),(32,'Can view guru',8,'view_guru'),(33,'Can add kategori',9,'add_kategori'),(34,'Can change kategori',9,'change_kategori'),(35,'Can delete kategori',9,'delete_kategori'),(36,'Can view kategori',9,'view_kategori'),(37,'Can add pengumuman',10,'add_pengumuman'),(38,'Can change pengumuman',10,'change_pengumuman'),(39,'Can delete pengumuman',10,'delete_pengumuman'),(40,'Can view pengumuman',10,'view_pengumuman'),(41,'Can add berita',11,'add_berita'),(42,'Can change berita',11,'change_berita'),(43,'Can delete berita',11,'delete_berita'),(44,'Can view berita',11,'view_berita'),(45,'Can add slider',12,'add_slider'),(46,'Can change slider',12,'change_slider'),(47,'Can delete slider',12,'delete_slider'),(48,'Can view slider',12,'view_slider'),(49,'Can add pengaturan',13,'add_pengaturan'),(50,'Can change pengaturan',13,'change_pengaturan'),(51,'Can delete pengaturan',13,'delete_pengaturan'),(52,'Can view pengaturan',13,'view_pengaturan'),(53,'Can add foto galeri',14,'add_fotogaleri'),(54,'Can change foto galeri',14,'change_fotogaleri'),(55,'Can delete foto galeri',14,'delete_fotogaleri'),(56,'Can view foto galeri',14,'view_fotogaleri'),(57,'Can add menu',15,'add_menu'),(58,'Can change menu',15,'change_menu'),(59,'Can delete menu',15,'delete_menu'),(60,'Can view menu',15,'view_menu'),(61,'Can add halaman',16,'add_halaman'),(62,'Can change halaman',16,'change_halaman'),(63,'Can delete halaman',16,'delete_halaman'),(64,'Can view halaman',16,'view_halaman'),(65,'Can add update aplikasi',17,'add_updateaplikasi'),(66,'Can change update aplikasi',17,'change_updateaplikasi'),(67,'Can delete update aplikasi',17,'delete_updateaplikasi'),(68,'Can view update aplikasi',17,'view_updateaplikasi'),(69,'Can add konfigurasi server',18,'add_konfigurasiserver'),(70,'Can change konfigurasi server',18,'change_konfigurasiserver'),(71,'Can delete konfigurasi server',18,'delete_konfigurasiserver'),(72,'Can view konfigurasi server',18,'view_konfigurasiserver'),(73,'Can add kategori',19,'add_kategori'),(74,'Can change kategori',19,'change_kategori'),(75,'Can delete kategori',19,'delete_kategori'),(76,'Can view kategori',19,'view_kategori'),(77,'Can add berita',20,'add_berita'),(78,'Can change berita',20,'change_berita'),(79,'Can delete berita',20,'delete_berita'),(80,'Can view berita',20,'view_berita'),(81,'Can add galeri',21,'add_galeri'),(82,'Can change galeri',21,'change_galeri'),(83,'Can delete galeri',21,'delete_galeri'),(84,'Can view galeri',21,'view_galeri'),(85,'Can add foto galeri',22,'add_fotogaleri'),(86,'Can change foto galeri',22,'change_fotogaleri'),(87,'Can delete foto galeri',22,'delete_fotogaleri'),(88,'Can view foto galeri',22,'view_fotogaleri'),(89,'Can add konfigurasi server',23,'add_konfigurasiserver'),(90,'Can change konfigurasi server',23,'change_konfigurasiserver'),(91,'Can delete konfigurasi server',23,'delete_konfigurasiserver'),(92,'Can view konfigurasi server',23,'view_konfigurasiserver'),(93,'Can add pengaturan',24,'add_pengaturan'),(94,'Can change pengaturan',24,'change_pengaturan'),(95,'Can delete pengaturan',24,'delete_pengaturan'),(96,'Can view pengaturan',24,'view_pengaturan'),(97,'Can add slider',25,'add_slider'),(98,'Can change slider',25,'change_slider'),(99,'Can delete slider',25,'delete_slider'),(100,'Can view slider',25,'view_slider'),(101,'Can add update aplikasi',26,'add_updateaplikasi'),(102,'Can change update aplikasi',26,'change_updateaplikasi'),(103,'Can delete update aplikasi',26,'delete_updateaplikasi'),(104,'Can view update aplikasi',26,'view_updateaplikasi'),(105,'Can add menu',27,'add_menu'),(106,'Can change menu',27,'change_menu'),(107,'Can delete menu',27,'delete_menu'),(108,'Can view menu',27,'view_menu'),(109,'Can add backup database',28,'add_backupdatabase'),(110,'Can change backup database',28,'change_backupdatabase'),(111,'Can delete backup database',28,'delete_backupdatabase'),(112,'Can view backup database',28,'view_backupdatabase');
/*!40000 ALTER TABLE `auth_permission` ENABLE KEYS */;
UNLOCK TABLES;

--
-- Table structure for table `auth_user`
--

DROP TABLE IF EXISTS `auth_user`;
/*!40101 SET @saved_cs_client     = @@character_set_client */;
/*!50503 SET character_set_client = utf8mb4 */;
CREATE TABLE `auth_user` (
  `id` int(11) NOT NULL AUTO_INCREMENT,
  `password` varchar(128) NOT NULL,
  `last_login` datetime(6) DEFAULT NULL,
  `is_superuser` tinyint(1) NOT NULL,
  `username` varchar(150) NOT NULL,
  `first_name` varchar(150) NOT NULL,
  `last_name` varchar(150) NOT NULL,
  `email` varchar(254) NOT NULL,
  `is_staff` tinyint(1) NOT NULL,
  `is_active` tinyint(1) NOT NULL,
  `date_joined` datetime(6) NOT NULL,
  PRIMARY KEY (`id`),
  UNIQUE KEY `username` (`username`)
) ENGINE=InnoDB AUTO_INCREMENT=2 DEFAULT CHARSET=latin1 COLLATE=latin1_swedish_ci;
/*!40101 SET character_set_client = @saved_cs_client */;

--
-- Dumping data for table `auth_user`
--

LOCK TABLES `auth_user` WRITE;
/*!40000 ALTER TABLE `auth_user` DISABLE KEYS */;
INSERT INTO `auth_user` VALUES (1,'pbkdf2_sha256$600000$BRU9UXZmX5pi22YAoFIA7e$0npK8CXMRX4qYYQqajBmYkq7kZ12POks9q+h6cUuzMg=','2026-02-23 03:20:54.329185',1,'lamajido','','','lamajido@localhost',1,1,'2026-02-04 07:40:02.473500');
/*!40000 ALTER TABLE `auth_user` ENABLE KEYS */;
UNLOCK TABLES;

--
-- Table structure for table `auth_user_groups`
--

DROP TABLE IF EXISTS `auth_user_groups`;
/*!40101 SET @saved_cs_client     = @@character_set_client */;
/*!50503 SET character_set_client = utf8mb4 */;
CREATE TABLE `auth_user_groups` (
  `id` bigint(20) NOT NULL AUTO_INCREMENT,
  `user_id` int(11) NOT NULL,
  `group_id` int(11) NOT NULL,
  PRIMARY KEY (`id`),
  UNIQUE KEY `auth_user_groups_user_id_group_id_94350c0c_uniq` (`user_id`,`group_id`),
  KEY `auth_user_groups_group_id_97559544_fk_auth_group_id` (`group_id`),
  CONSTRAINT `auth_user_groups_group_id_97559544_fk_auth_group_id` FOREIGN KEY (`group_id`) REFERENCES `auth_group` (`id`),
  CONSTRAINT `auth_user_groups_user_id_6a12ed8b_fk_auth_user_id` FOREIGN KEY (`user_id`) REFERENCES `auth_user` (`id`)
) ENGINE=InnoDB DEFAULT CHARSET=latin1 COLLATE=latin1_swedish_ci;
/*!40101 SET character_set_client = @saved_cs_client */;

--
-- Dumping data for table `auth_user_groups`
--

LOCK TABLES `auth_user_groups` WRITE;
/*!40000 ALTER TABLE `auth_user_groups` DISABLE KEYS */;
/*!40000 ALTER TABLE `auth_user_groups` ENABLE KEYS */;
UNLOCK TABLES;

--
-- Table structure for table `auth_user_user_permissions`
--

DROP TABLE IF EXISTS `auth_user_user_permissions`;
/*!40101 SET @saved_cs_client     = @@character_set_client */;
/*!50503 SET character_set_client = utf8mb4 */;
CREATE TABLE `auth_user_user_permissions` (
  `id` bigint(20) NOT NULL AUTO_INCREMENT,
  `user_id` int(11) NOT NULL,
  `permission_id` int(11) NOT NULL,
  PRIMARY KEY (`id`),
  UNIQUE KEY `auth_user_user_permissions_user_id_permission_id_14a6b632_uniq` (`user_id`,`permission_id`),
  KEY `auth_user_user_permi_permission_id_1fbb5f2c_fk_auth_perm` (`permission_id`),
  CONSTRAINT `auth_user_user_permi_permission_id_1fbb5f2c_fk_auth_perm` FOREIGN KEY (`permission_id`) REFERENCES `auth_permission` (`id`),
  CONSTRAINT `auth_user_user_permissions_user_id_a95ead1b_fk_auth_user_id` FOREIGN KEY (`user_id`) REFERENCES `auth_user` (`id`)
) ENGINE=InnoDB DEFAULT CHARSET=latin1 COLLATE=latin1_swedish_ci;
/*!40101 SET character_set_client = @saved_cs_client */;

--
-- Dumping data for table `auth_user_user_permissions`
--

LOCK TABLES `auth_user_user_permissions` WRITE;
/*!40000 ALTER TABLE `auth_user_user_permissions` DISABLE KEYS */;
/*!40000 ALTER TABLE `auth_user_user_permissions` ENABLE KEYS */;
UNLOCK TABLES;

--
-- Table structure for table `django_admin_log`
--

DROP TABLE IF EXISTS `django_admin_log`;
/*!40101 SET @saved_cs_client     = @@character_set_client */;
/*!50503 SET character_set_client = utf8mb4 */;
CREATE TABLE `django_admin_log` (
  `id` int(11) NOT NULL AUTO_INCREMENT,
  `action_time` datetime(6) NOT NULL,
  `object_id` longtext DEFAULT NULL,
  `object_repr` varchar(200) NOT NULL,
  `action_flag` smallint(5) unsigned NOT NULL CHECK (`action_flag` >= 0),
  `change_message` longtext NOT NULL,
  `content_type_id` int(11) DEFAULT NULL,
  `user_id` int(11) NOT NULL,
  PRIMARY KEY (`id`),
  KEY `django_admin_log_content_type_id_c4bce8eb_fk_django_co` (`content_type_id`),
  KEY `django_admin_log_user_id_c564eba6_fk_auth_user_id` (`user_id`),
  CONSTRAINT `django_admin_log_content_type_id_c4bce8eb_fk_django_co` FOREIGN KEY (`content_type_id`) REFERENCES `django_content_type` (`id`),
  CONSTRAINT `django_admin_log_user_id_c564eba6_fk_auth_user_id` FOREIGN KEY (`user_id`) REFERENCES `auth_user` (`id`)
) ENGINE=InnoDB AUTO_INCREMENT=83 DEFAULT CHARSET=latin1 COLLATE=latin1_swedish_ci;
/*!40101 SET character_set_client = @saved_cs_client */;

--
-- Dumping data for table `django_admin_log`
--

LOCK TABLES `django_admin_log` WRITE;
/*!40000 ALTER TABLE `django_admin_log` DISABLE KEYS */;
INSERT INTO `django_admin_log` VALUES (1,'2026-02-04 07:43:06.700451','1','SMAN 11 Tasikmalaya',1,'[{\"added\": {}}]',12,1),(2,'2026-02-04 09:07:14.120902','1','SMAN 11 Tasikmalaya',2,'[{\"changed\": {\"fields\": [\"Nama sekolah\", \"Copyright\"]}}]',13,1),(3,'2026-02-09 01:15:02.956048','1','Berita Penting 1',2,'[{\"changed\": {\"fields\": [\"Konten\"]}}]',11,1),(4,'2026-02-09 03:27:00.651187','1','SMAN 11 Tasikmalaya',2,'[{\"changed\": {\"fields\": [\"Logo\", \"Favicon\"]}}]',13,1),(5,'2026-02-09 03:29:05.667618','1','SMAN 11 Tasikmalaya',2,'[{\"changed\": {\"fields\": [\"Logo\", \"Favicon\"]}}]',13,1),(6,'2026-02-09 03:47:39.250178','1','SMAN 11 Tasikmalaya',2,'[]',13,1),(7,'2026-02-09 04:10:16.880354','1','Berita',1,'[{\"added\": {}}]',16,1),(8,'2026-02-09 04:12:14.721912','1','adsaasd',1,'[{\"added\": {}}]',15,1),(9,'2026-02-09 04:13:41.400822','1','Berita',2,'[{\"changed\": {\"fields\": [\"Konten\"]}}]',16,1),(10,'2026-02-09 04:25:37.322586','1','sdfsdfsd',1,'[{\"added\": {}}]',15,1),(11,'2026-02-09 04:26:20.451740','1','sdfsdfsd',2,'[{\"changed\": {\"fields\": [\"Url\"]}}]',15,1),(12,'2026-02-09 04:26:34.708591','1','Contoh',2,'[{\"changed\": {\"fields\": [\"Nama\"]}}]',15,1),(13,'2026-02-09 04:27:41.555124','1','Beranda',2,'[{\"changed\": {\"fields\": [\"Nama\"]}}]',15,1),(14,'2026-02-09 05:32:33.275342','1','SMAN 11 Tasikmalaya',2,'[{\"changed\": {\"fields\": [\"Email\"]}}]',13,1),(15,'2026-02-09 08:25:51.759125','1','Berita Penting 1',2,'[]',11,1),(16,'2026-02-09 08:30:06.779698','6','Galeri',2,'[]',15,1),(17,'2026-02-09 08:46:09.009657','1','Visi Misi Sekolah',1,'[{\"added\": {}}]',16,1),(18,'2026-02-09 08:46:32.097320','7','Visi Misi',1,'[{\"added\": {}}]',15,1),(19,'2026-02-09 08:46:39.168891','7','Visi Misi',2,'[{\"changed\": {\"fields\": [\"parent\", \"lft\", \"rght\", \"tree_id\", \"level\"]}}]',15,1),(20,'2026-02-09 09:03:34.809801','1','Visi Misi Sekolah',2,'[{\"changed\": {\"fields\": [\"Konten\"]}}]',16,1),(21,'2026-02-09 09:04:04.443275','8','Sekolah',1,'[{\"added\": {}}]',15,1),(22,'2026-02-09 09:06:35.875172','2','Highlight 2',2,'[{\"changed\": {\"fields\": [\"Urutan\"]}}]',12,1),(23,'2026-02-09 09:06:48.693222','3','Highlight 3',2,'[{\"changed\": {\"fields\": [\"Urutan\"]}}]',12,1),(24,'2026-02-09 09:06:48.694841','2','Highlight 2',2,'[{\"changed\": {\"fields\": [\"Urutan\"]}}]',12,1),(25,'2026-02-09 09:08:19.680568','2','Profil Sekolah',2,'[{\"changed\": {\"fields\": [\"Konten\"]}}]',16,1),(26,'2026-02-09 09:09:13.567307','8','Sekolah',2,'[{\"changed\": {\"fields\": [\"Url\"]}}]',15,1),(27,'2026-02-09 09:35:57.880063','4','PPDB',1,'[{\"added\": {}}]',9,1),(28,'2026-02-09 09:36:49.423797','6','PPDB 2024',1,'[{\"added\": {}}]',11,1),(29,'2026-02-09 09:39:03.210468','3','PPDB',1,'[{\"added\": {}}]',16,1),(30,'2026-02-09 09:39:30.501906','9','PPDB',1,'[{\"added\": {}}]',15,1),(31,'2026-02-09 09:39:43.799162','5','Berita',2,'[{\"changed\": {\"fields\": [\"tree_id\"]}}]',15,1),(32,'2026-02-09 09:39:47.173711','2','Beranda',2,'[{\"changed\": {\"fields\": [\"tree_id\"]}}]',15,1),(33,'2026-02-09 09:39:57.776817','9','PPDB',2,'[{\"changed\": {\"fields\": []}}]',15,1),(34,'2026-02-09 09:40:02.708985','3','Profil',2,'[{\"changed\": {\"fields\": [\"tree_id\"]}}]',15,1),(35,'2026-02-09 09:41:05.271572','4','PPDB 2024',1,'[{\"added\": {}}]',16,1),(36,'2026-02-09 09:41:41.035319','10','2024',1,'[{\"added\": {}}]',15,1),(37,'2026-02-09 09:43:02.805609','10','2027',2,'[{\"changed\": {\"fields\": [\"Nama\"]}}]',15,1),(38,'2026-02-09 09:43:22.132631','4','PPDB 2027',2,'[{\"changed\": {\"fields\": [\"Judul\", \"Slug\"]}}]',16,1),(39,'2026-02-09 09:43:50.132327','10','2027',2,'[{\"changed\": {\"fields\": [\"Url\"]}}]',15,1),(40,'2026-02-09 09:44:59.809402','4','Penerimaan Siswa Baru Tahun Ajaran 2026/2027',2,'[{\"changed\": {\"fields\": [\"Judul\"]}}]',16,1),(41,'2026-02-09 09:56:05.838763','19','Kepala Sekolah',1,'[{\"added\": {}}]',15,1),(42,'2026-02-09 09:56:20.840252','11','Sejarah Singkat',2,'[{\"changed\": {\"fields\": [\"lft\", \"rght\"]}}]',15,1),(43,'2026-02-09 09:56:29.375791','8','Sekolah',2,'[{\"changed\": {\"fields\": [\"lft\", \"rght\"]}}]',15,1),(44,'2026-02-09 09:56:33.633687','7','Visi Misi',2,'[{\"changed\": {\"fields\": [\"lft\", \"rght\"]}}]',15,1),(45,'2026-02-09 09:56:48.516552','12','Hymne SMAN11',2,'[{\"changed\": {\"fields\": [\"Nama\"]}}]',15,1),(46,'2026-02-09 09:56:55.679205','12','Hymne SMAN11',2,'[{\"changed\": {\"fields\": [\"lft\", \"rght\"]}}]',15,1),(47,'2026-02-09 09:57:12.383570','19','Kepala Sekolah',2,'[{\"changed\": {\"fields\": [\"lft\", \"rght\"]}}]',15,1),(48,'2026-02-09 09:58:43.243240','13','Kepala Sekolah Periode 2025/2026',1,'[{\"added\": {}}]',16,1),(49,'2026-02-09 09:59:35.032703','14','Kepala Sekolah Periode 2026/2027',1,'[{\"added\": {}}]',16,1),(50,'2026-02-09 09:59:54.446988','13','Kepala Sekolah Periode 2025/2026',2,'[{\"changed\": {\"fields\": [\"Slug\"]}}]',16,1),(51,'2026-02-09 10:00:30.562930','20','2025',1,'[{\"added\": {}}]',15,1),(52,'2026-02-09 10:00:59.576924','21','2026',1,'[{\"added\": {}}]',15,1),(53,'2026-02-09 10:01:32.303756','14','Kepala Sekolah Periode Tahun 2026',2,'[{\"changed\": {\"fields\": [\"Judul\"]}}]',16,1),(54,'2026-02-09 10:02:35.891298','19','Kepala Sekolah',2,'[{\"changed\": {\"fields\": [\"Url\"]}}]',15,1),(55,'2026-02-09 10:12:14.566073','1','Update 09-02-2026 10:12',1,'[{\"added\": {}}]',17,1),(56,'2026-02-09 10:12:49.181931','1','Update 09-02-2026 10:12',3,'',17,1),(57,'2026-02-09 10:58:52.990551','15','Akademik',1,'[{\"added\": {}}]',16,1),(58,'2026-02-09 11:02:37.227488','22','Akademik',1,'[{\"added\": {}}]',27,1),(59,'2026-02-09 11:03:03.764548','22','Akademik',2,'[{\"changed\": {\"fields\": [\"tree_id\"]}}]',27,1),(60,'2026-02-09 11:03:40.671485','3','Profil',2,'[{\"changed\": {\"fields\": [\"tree_id\"]}}]',27,1),(61,'2026-02-09 11:03:45.934828','2','Beranda',2,'[{\"changed\": {\"fields\": [\"tree_id\"]}}]',27,1),(62,'2026-02-09 11:11:41.732501','16','Kesiswaan',1,'[{\"added\": {}}]',16,1),(63,'2026-02-09 11:12:17.749031','31','Kesiswaan',1,'[{\"added\": {}}]',27,1),(64,'2026-02-09 11:12:27.284665','31','Kesiswaan',2,'[{\"changed\": {\"fields\": [\"tree_id\"]}}]',27,1),(65,'2026-02-09 11:12:30.487422','31','Kesiswaan',2,'[{\"changed\": {\"fields\": [\"tree_id\"]}}]',27,1),(66,'2026-02-09 11:18:24.985241','37','Sarpras & TU',1,'[{\"added\": {}}]',27,1),(67,'2026-02-09 11:18:44.263977','37','Sarpras & TU',2,'[{\"changed\": {\"fields\": [\"tree_id\"]}}]',27,1),(68,'2026-02-09 11:18:56.913682','37','Sarpras & TU',2,'[{\"changed\": {\"fields\": [\"parent\", \"lft\", \"rght\", \"tree_id\", \"level\"]}}]',27,1),(69,'2026-02-09 11:19:17.521342','37','Sarpras & TU',2,'[{\"changed\": {\"fields\": [\"parent\", \"lft\", \"rght\", \"tree_id\", \"level\"]}}]',27,1),(70,'2026-02-09 11:19:27.172844','37','Sarpras & TU',2,'[]',27,1),(71,'2026-02-09 11:21:14.402037','38','Sarana Prasarana',1,'[{\"added\": {}}]',27,1),(72,'2026-02-09 11:21:30.278263','39','TU',1,'[{\"added\": {}}]',27,1),(73,'2026-02-09 11:21:56.027580','39','Tata Usaha',2,'[{\"changed\": {\"fields\": [\"Nama\"]}}]',27,1),(74,'2026-02-09 11:23:30.443934','17','Struktur Organisasi TU',1,'[{\"added\": {}}]',16,1),(75,'2026-02-09 11:37:59.984250','1','Konfigurasi GitHub',1,'[{\"added\": {}}]',23,1),(76,'2026-02-09 11:38:15.971222','2','Push 09-02-2026 11:38',1,'[{\"added\": {}}]',26,1),(77,'2026-02-09 11:40:14.615849','2','Push 09-02-2026 11:38',3,'',26,1),(78,'2026-02-09 11:41:30.099277','3','Push 09-02-2026 11:41',1,'[{\"added\": {}}]',26,1),(79,'2026-02-09 11:47:51.119880','1','Backup 09-02-2026 11:47',1,'[{\"added\": {}}]',28,1),(80,'2026-02-10 12:42:06.270284','4','Kegiatan Sekolah 4',2,'[{\"added\": {\"name\": \"foto galeri\", \"object\": \"FotoGaleri object (1)\"}}, {\"added\": {\"name\": \"foto galeri\", \"object\": \"FotoGaleri object (2)\"}}, {\"added\": {\"name\": \"foto galeri\", \"object\": \"FotoGaleri object (3)\"}}]',21,1),(81,'2026-02-10 12:43:04.385907','4','Kegiatan Sekolah 4',2,'[{\"changed\": {\"fields\": [\"Gambar\"]}}]',21,1),(82,'2026-02-23 07:47:18.875145','4','Push 23-02-2026 07:47',1,'[{\"added\": {}}]',26,1);
/*!40000 ALTER TABLE `django_admin_log` ENABLE KEYS */;
UNLOCK TABLES;

--
-- Table structure for table `django_content_type`
--

DROP TABLE IF EXISTS `django_content_type`;
/*!40101 SET @saved_cs_client     = @@character_set_client */;
/*!50503 SET character_set_client = utf8mb4 */;
CREATE TABLE `django_content_type` (
  `id` int(11) NOT NULL AUTO_INCREMENT,
  `app_label` varchar(100) NOT NULL,
  `model` varchar(100) NOT NULL,
  PRIMARY KEY (`id`),
  UNIQUE KEY `django_content_type_app_label_model_76bd3d3b_uniq` (`app_label`,`model`)
) ENGINE=InnoDB AUTO_INCREMENT=29 DEFAULT CHARSET=latin1 COLLATE=latin1_swedish_ci;
/*!40101 SET character_set_client = @saved_cs_client */;

--
-- Dumping data for table `django_content_type`
--

LOCK TABLES `django_content_type` WRITE;
/*!40000 ALTER TABLE `django_content_type` DISABLE KEYS */;
INSERT INTO `django_content_type` VALUES (1,'admin','logentry'),(3,'auth','group'),(2,'auth','permission'),(4,'auth','user'),(20,'berita','berita'),(19,'berita','kategori'),(5,'contenttypes','contenttype'),(22,'galeri','fotogaleri'),(21,'galeri','galeri'),(28,'pengaturan','backupdatabase'),(23,'pengaturan','konfigurasiserver'),(27,'pengaturan','menu'),(24,'pengaturan','pengaturan'),(25,'pengaturan','slider'),(26,'pengaturan','updateaplikasi'),(11,'sekolah','berita'),(14,'sekolah','fotogaleri'),(7,'sekolah','galeri'),(8,'sekolah','guru'),(16,'sekolah','halaman'),(9,'sekolah','kategori'),(18,'sekolah','konfigurasiserver'),(15,'sekolah','menu'),(13,'sekolah','pengaturan'),(10,'sekolah','pengumuman'),(12,'sekolah','slider'),(17,'sekolah','updateaplikasi'),(6,'sessions','session');
/*!40000 ALTER TABLE `django_content_type` ENABLE KEYS */;
UNLOCK TABLES;

--
-- Table structure for table `django_migrations`
--

DROP TABLE IF EXISTS `django_migrations`;
/*!40101 SET @saved_cs_client     = @@character_set_client */;
/*!50503 SET character_set_client = utf8mb4 */;
CREATE TABLE `django_migrations` (
  `id` bigint(20) NOT NULL AUTO_INCREMENT,
  `app` varchar(255) NOT NULL,
  `name` varchar(255) NOT NULL,
  `applied` datetime(6) NOT NULL,
  PRIMARY KEY (`id`)
) ENGINE=InnoDB AUTO_INCREMENT=37 DEFAULT CHARSET=latin1 COLLATE=latin1_swedish_ci;
/*!40101 SET character_set_client = @saved_cs_client */;

--
-- Dumping data for table `django_migrations`
--

LOCK TABLES `django_migrations` WRITE;
/*!40000 ALTER TABLE `django_migrations` DISABLE KEYS */;
INSERT INTO `django_migrations` VALUES (1,'contenttypes','0001_initial','2026-02-04 07:04:34.080585'),(2,'auth','0001_initial','2026-02-04 07:04:34.486764'),(3,'admin','0001_initial','2026-02-04 07:04:34.566446'),(4,'admin','0002_logentry_remove_auto_add','2026-02-04 07:04:34.574222'),(5,'admin','0003_logentry_add_action_flag_choices','2026-02-04 07:04:34.581511'),(6,'contenttypes','0002_remove_content_type_name','2026-02-04 07:04:34.642046'),(7,'auth','0002_alter_permission_name_max_length','2026-02-04 07:04:34.670483'),(8,'auth','0003_alter_user_email_max_length','2026-02-04 07:04:34.695433'),(9,'auth','0004_alter_user_username_opts','2026-02-04 07:04:34.706516'),(10,'auth','0005_alter_user_last_login_null','2026-02-04 07:04:34.743444'),(11,'auth','0006_require_contenttypes_0002','2026-02-04 07:04:34.746722'),(12,'auth','0007_alter_validators_add_error_messages','2026-02-04 07:04:34.755351'),(13,'auth','0008_alter_user_username_max_length','2026-02-04 07:04:34.779633'),(14,'auth','0009_alter_user_last_name_max_length','2026-02-04 07:04:34.805894'),(15,'auth','0010_alter_group_name_max_length','2026-02-04 07:04:34.832817'),(16,'auth','0011_update_proxy_permissions','2026-02-04 07:04:34.841570'),(17,'auth','0012_alter_user_first_name_max_length','2026-02-04 07:04:34.867272'),(18,'sekolah','0001_initial','2026-02-04 07:04:34.964976'),(19,'sessions','0001_initial','2026-02-04 07:04:35.003775'),(20,'sekolah','0002_slider','2026-02-04 07:35:19.343952'),(21,'sekolah','0003_pengaturan','2026-02-04 09:04:28.619196'),(22,'sekolah','0004_alter_galeri_options_alter_galeri_gambar_fotogaleri','2026-02-09 03:50:55.479519'),(23,'sekolah','0005_menu','2026-02-09 03:57:36.672559'),(24,'sekolah','0006_halaman','2026-02-09 04:07:33.816573'),(25,'sekolah','0007_delete_halaman_delete_menu','2026-02-09 04:23:02.517751'),(26,'sekolah','0008_menu','2026-02-09 04:23:37.797828'),(27,'sekolah','0009_halaman','2026-02-09 08:36:49.310005'),(28,'sekolah','0010_alter_halaman_konten','2026-02-09 08:43:10.205059'),(29,'sekolah','0011_alter_halaman_konten','2026-02-09 08:49:47.186675'),(30,'sekolah','0012_updateaplikasi','2026-02-09 10:11:06.984134'),(31,'sekolah','0013_konfigurasiserver','2026-02-09 10:17:44.450264'),(32,'berita','0001_initial','2026-02-09 10:31:30.461330'),(33,'galeri','0001_initial','2026-02-09 10:31:31.517310'),(34,'pengaturan','0001_initial','2026-02-09 10:31:32.476321'),(35,'sekolah','0014_remove_berita_kategori_remove_fotogaleri_galeri_and_more','2026-02-09 10:31:41.226565'),(36,'pengaturan','0002_backupdatabase_alter_konfigurasiserver_options_and_more','2026-02-09 11:46:29.854853');
/*!40000 ALTER TABLE `django_migrations` ENABLE KEYS */;
UNLOCK TABLES;

--
-- Table structure for table `django_session`
--

DROP TABLE IF EXISTS `django_session`;
/*!40101 SET @saved_cs_client     = @@character_set_client */;
/*!50503 SET character_set_client = utf8mb4 */;
CREATE TABLE `django_session` (
  `session_key` varchar(40) NOT NULL,
  `session_data` longtext NOT NULL,
  `expire_date` datetime(6) NOT NULL,
  PRIMARY KEY (`session_key`),
  KEY `django_session_expire_date_a5c62663` (`expire_date`)
) ENGINE=InnoDB DEFAULT CHARSET=latin1 COLLATE=latin1_swedish_ci;
/*!40101 SET character_set_client = @saved_cs_client */;

--
-- Dumping data for table `django_session`
--

LOCK TABLES `django_session` WRITE;
/*!40000 ALTER TABLE `django_session` DISABLE KEYS */;
INSERT INTO `django_session` VALUES ('2z0nsf6xr4bwwrk9l0q57dfn39u24xjd','.eJxVjMsOwiAQAP-FsyHA8th69O43EGBXqRqalPZk_HdD0oNeZybzFjHtW4175zXOJM5Ci9Mvy6k8uQ1Bj9TuiyxL29Y5y5HIw3Z5XYhfl6P9G9TU69hyQJXROm0J8jQRgU8TcGJm9ADsINwKsS8WteFMJgQyDlArVTKi-HwB5jg34Q:1vnXVI:mfJS4s3RG7HKdR9qf1bu0GeQvdld0DMuI40ID4skVbU','2026-02-18 07:40:48.891155'),('wggu7f1libzzr6ctisvrxp2qv1ybx6ed','.eJxVjMsOwiAQAP-FsyHA8th69O43EGBXqRqalPZk_HdD0oNeZybzFjHtW4175zXOJM5Ci9Mvy6k8uQ1Bj9TuiyxL29Y5y5HIw3Z5XYhfl6P9G9TU69hyQJXROm0J8jQRgU8TcGJm9ADsINwKsS8WteFMJgQyDlArVTKi-HwB5jg34Q:1vpIE0:UQB64ySx4U-g-FLIV_NAJ8S20WjREwHLthybSAttysk','2026-02-23 03:46:12.248937'),('yrxyfqdbgdq6m4x7mctoiji69fwidf06','.eJxVjMsOwiAQAP-FsyHA8th69O43EGBXqRqalPZk_HdD0oNeZybzFjHtW4175zXOJM5Ci9Mvy6k8uQ1Bj9TuiyxL29Y5y5HIw3Z5XYhfl6P9G9TU69hyQJXROm0J8jQRgU8TcGJm9ADsINwKsS8WteFMJgQyDlArVTKi-HwB5jg34Q:1vuMVC:HZIgxZLro9lemEOavdGBSpT0IrE2xCgrkFmJ8VtIhN4','2026-03-09 03:20:54.334432');
/*!40000 ALTER TABLE `django_session` ENABLE KEYS */;
UNLOCK TABLES;

--
-- Table structure for table `sekolah_backupdatabase`
--

DROP TABLE IF EXISTS `sekolah_backupdatabase`;
/*!40101 SET @saved_cs_client     = @@character_set_client */;
/*!50503 SET character_set_client = utf8mb4 */;
CREATE TABLE `sekolah_backupdatabase` (
  `id` bigint(20) NOT NULL AUTO_INCREMENT,
  `tanggal` datetime(6) NOT NULL,
  `file_backup` varchar(100) DEFAULT NULL,
  `status` varchar(20) NOT NULL,
  `log` longtext NOT NULL,
  PRIMARY KEY (`id`)
) ENGINE=InnoDB AUTO_INCREMENT=2 DEFAULT CHARSET=latin1 COLLATE=latin1_swedish_ci;
/*!40101 SET character_set_client = @saved_cs_client */;

--
-- Dumping data for table `sekolah_backupdatabase`
--

LOCK TABLES `sekolah_backupdatabase` WRITE;
/*!40000 ALTER TABLE `sekolah_backupdatabase` DISABLE KEYS */;
INSERT INTO `sekolah_backupdatabase` VALUES (1,'2026-02-09 11:47:51.119074','backups/backup_smay8199_2026-02-09_18-47-48.sql','Sukses','=== MYSQL DUMP ===\nTarget: C:\\laragon82\\websman11tasikmalaya\\backups\\backup_smay8199_2026-02-09_18-47-48.sql\nDump Database Berhasil.\n\n=== GIT PUSH BACKUP ===\nbranch \'main\' set up to track \'origin/main\'.\n');
/*!40000 ALTER TABLE `sekolah_backupdatabase` ENABLE KEYS */;
UNLOCK TABLES;

--
-- Table structure for table `sekolah_berita`
--

DROP TABLE IF EXISTS `sekolah_berita`;
/*!40101 SET @saved_cs_client     = @@character_set_client */;
/*!50503 SET character_set_client = utf8mb4 */;
CREATE TABLE `sekolah_berita` (
  `id` bigint(20) NOT NULL AUTO_INCREMENT,
  `judul` varchar(200) NOT NULL,
  `slug` varchar(50) NOT NULL,
  `konten` longtext NOT NULL,
  `penulis` varchar(100) NOT NULL,
  `tanggal_publikasi` datetime(6) NOT NULL,
  `gambar` varchar(100) DEFAULT NULL,
  `kategori_id` bigint(20) DEFAULT NULL,
  PRIMARY KEY (`id`),
  UNIQUE KEY `slug` (`slug`),
  KEY `sekolah_berita_kategori_id_f1e96786_fk_sekolah_kategori_id` (`kategori_id`),
  CONSTRAINT `sekolah_berita_kategori_id_f1e96786_fk_sekolah_kategori_id` FOREIGN KEY (`kategori_id`) REFERENCES `sekolah_kategori` (`id`)
) ENGINE=InnoDB AUTO_INCREMENT=7 DEFAULT CHARSET=latin1 COLLATE=latin1_swedish_ci;
/*!40101 SET character_set_client = @saved_cs_client */;

--
-- Dumping data for table `sekolah_berita`
--

LOCK TABLES `sekolah_berita` WRITE;
/*!40000 ALTER TABLE `sekolah_berita` DISABLE KEYS */;
INSERT INTO `sekolah_berita` VALUES (1,'Berita Penting 1','berita-penting-1','Ini adalah konten berita contoh untuk menampilkan layout dan gaya tampilan di website sekolah. Konten ini hanya dummy.Ini adalah konten berita contoh untuk menampilkan layout dan gaya tampilan di website sekolah. Konten ini hanya dummy.Ini adalah konten berita contoh untuk menampilkan layout dan gaya tampilan di website sekolah. Konten ini hanya dummy.Ini adalah konten berita contoh untuk menampilkan layout dan gaya tampilan di website sekolah. Konten ini hanya dummy.\r\n\r\nIni adalah konten berita contoh untuk menampilkan layout dan gaya tampilan di website sekolah. Konten ini hanya dummy.Ini adalah konten berita contoh untuk menampilkan layout dan gaya tampilan di website sekolah. Konten ini hanya dummy.Ini adalah konten berita contoh untuk menampilkan layout dan gaya tampilan di website sekolah. Konten ini hanya dummy.Ini adalah konten berita contoh untuk menampilkan layout dan gaya tampilan di website sekolah. Konten ini hanya dummy.','Admin','2026-02-04 07:48:07.118712','berita/berita_1.jpg',1),(2,'Berita Penting 2','berita-penting-2','Ini adalah konten berita contoh untuk menampilkan layout dan gaya tampilan di website sekolah. Konten ini hanya dummy.','Admin','2026-02-04 07:48:07.125770','berita/berita_2.jpg',2),(3,'Berita Penting 3','berita-penting-3','Ini adalah konten berita contoh untuk menampilkan layout dan gaya tampilan di website sekolah. Konten ini hanya dummy.','Admin','2026-02-04 07:48:07.131610','berita/berita_3.jpg',2),(4,'Berita Penting 4','berita-penting-4','Ini adalah konten berita contoh untuk menampilkan layout dan gaya tampilan di website sekolah. Konten ini hanya dummy.','Admin','2026-02-04 07:48:07.138040','berita/berita_4.jpg',1),(5,'Berita Penting 5','berita-penting-5','Ini adalah konten berita contoh untuk menampilkan layout dan gaya tampilan di website sekolah. Konten ini hanya dummy.','Admin','2026-02-04 07:48:07.146701','berita/berita_5.jpg',3),(6,'PPDB 2024','ppdb-2024','asdasdasdasd','Admin','2026-02-09 09:36:49.411636','berita/hqdefault.jpg',4);
/*!40000 ALTER TABLE `sekolah_berita` ENABLE KEYS */;
UNLOCK TABLES;

--
-- Table structure for table `sekolah_fotogaleri`
--

DROP TABLE IF EXISTS `sekolah_fotogaleri`;
/*!40101 SET @saved_cs_client     = @@character_set_client */;
/*!50503 SET character_set_client = utf8mb4 */;
CREATE TABLE `sekolah_fotogaleri` (
  `id` bigint(20) NOT NULL AUTO_INCREMENT,
  `gambar` varchar(100) NOT NULL,
  `keterangan` varchar(200) DEFAULT NULL,
  `galeri_id` bigint(20) NOT NULL,
  PRIMARY KEY (`id`),
  KEY `sekolah_fotogaleri_galeri_id_e85a0257_fk_sekolah_galeri_id` (`galeri_id`),
  CONSTRAINT `sekolah_fotogaleri_galeri_id_e85a0257_fk_sekolah_galeri_id` FOREIGN KEY (`galeri_id`) REFERENCES `sekolah_galeri` (`id`)
) ENGINE=InnoDB AUTO_INCREMENT=4 DEFAULT CHARSET=latin1 COLLATE=latin1_swedish_ci;
/*!40101 SET character_set_client = @saved_cs_client */;

--
-- Dumping data for table `sekolah_fotogaleri`
--

LOCK TABLES `sekolah_fotogaleri` WRITE;
/*!40000 ALTER TABLE `sekolah_fotogaleri` DISABLE KEYS */;
INSERT INTO `sekolah_fotogaleri` VALUES (1,'galeri/detail/logosebeltas.jpg','Kegiatan Sekolah 41',4),(2,'galeri/detail/hqdefault.jpg','Kegiatan Sekolah 42',4),(3,'galeri/detail/20260204_5211924_662-qris.png','Kegiatan Sekolah 43',4);
/*!40000 ALTER TABLE `sekolah_fotogaleri` ENABLE KEYS */;
UNLOCK TABLES;

--
-- Table structure for table `sekolah_galeri`
--

DROP TABLE IF EXISTS `sekolah_galeri`;
/*!40101 SET @saved_cs_client     = @@character_set_client */;
/*!50503 SET character_set_client = utf8mb4 */;
CREATE TABLE `sekolah_galeri` (
  `id` bigint(20) NOT NULL AUTO_INCREMENT,
  `judul` varchar(150) NOT NULL,
  `gambar` varchar(100) NOT NULL,
  `tanggal` date NOT NULL,
  PRIMARY KEY (`id`)
) ENGINE=InnoDB AUTO_INCREMENT=7 DEFAULT CHARSET=latin1 COLLATE=latin1_swedish_ci;
/*!40101 SET character_set_client = @saved_cs_client */;

--
-- Dumping data for table `sekolah_galeri`
--

LOCK TABLES `sekolah_galeri` WRITE;
/*!40000 ALTER TABLE `sekolah_galeri` DISABLE KEYS */;
INSERT INTO `sekolah_galeri` VALUES (1,'Kegiatan Sekolah 1','galeri/galeri_1.jpg','2026-02-04'),(2,'Kegiatan Sekolah 2','galeri/galeri_2.jpg','2026-02-04'),(3,'Kegiatan Sekolah 3','galeri/galeri_3.jpg','2026-02-04'),(4,'Kegiatan Sekolah 4','galeri/hqdefault.jpg','2026-02-04'),(5,'Kegiatan Sekolah 5','galeri/galeri_5.jpg','2026-02-04'),(6,'Kegiatan Sekolah 6','galeri/galeri_6.jpg','2026-02-04');
/*!40000 ALTER TABLE `sekolah_galeri` ENABLE KEYS */;
UNLOCK TABLES;

--
-- Table structure for table `sekolah_guru`
--

DROP TABLE IF EXISTS `sekolah_guru`;
/*!40101 SET @saved_cs_client     = @@character_set_client */;
/*!50503 SET character_set_client = utf8mb4 */;
CREATE TABLE `sekolah_guru` (
  `id` bigint(20) NOT NULL AUTO_INCREMENT,
  `nama` varchar(150) NOT NULL,
  `nip` varchar(30) DEFAULT NULL,
  `mata_pelajaran` varchar(100) NOT NULL,
  `foto` varchar(100) DEFAULT NULL,
  `bio` longtext DEFAULT NULL,
  PRIMARY KEY (`id`)
) ENGINE=InnoDB AUTO_INCREMENT=6 DEFAULT CHARSET=latin1 COLLATE=latin1_swedish_ci;
/*!40101 SET character_set_client = @saved_cs_client */;

--
-- Dumping data for table `sekolah_guru`
--

LOCK TABLES `sekolah_guru` WRITE;
/*!40000 ALTER TABLE `sekolah_guru` DISABLE KEYS */;
INSERT INTO `sekolah_guru` VALUES (1,'Budi Santoso','12345001','Matematika','guru/guru_1.jpg','Profil singkat guru untuk tampilan dummy.'),(2,'Siti Aminah','12345002','Bahasa Indonesia','guru/guru_2.jpg','Profil singkat guru untuk tampilan dummy.'),(3,'Andi Kurniawan','12345003','Fisika','guru/guru_3.jpg','Profil singkat guru untuk tampilan dummy.'),(4,'Rina Maharani','12345004','Biologi','guru/guru_4.jpg','Profil singkat guru untuk tampilan dummy.'),(5,'Dedi Supriatna','12345005','Kimia','guru/guru_5.jpg','Profil singkat guru untuk tampilan dummy.');
/*!40000 ALTER TABLE `sekolah_guru` ENABLE KEYS */;
UNLOCK TABLES;

--
-- Table structure for table `sekolah_halaman`
--

DROP TABLE IF EXISTS `sekolah_halaman`;
/*!40101 SET @saved_cs_client     = @@character_set_client */;
/*!50503 SET character_set_client = utf8mb4 */;
CREATE TABLE `sekolah_halaman` (
  `id` bigint(20) NOT NULL AUTO_INCREMENT,
  `judul` varchar(200) NOT NULL,
  `slug` varchar(50) NOT NULL,
  `konten` longtext NOT NULL,
  `aktif` tinyint(1) NOT NULL,
  PRIMARY KEY (`id`),
  UNIQUE KEY `slug` (`slug`)
) ENGINE=InnoDB AUTO_INCREMENT=18 DEFAULT CHARSET=latin1 COLLATE=latin1_swedish_ci;
/*!40101 SET character_set_client = @saved_cs_client */;

--
-- Dumping data for table `sekolah_halaman`
--

LOCK TABLES `sekolah_halaman` WRITE;
/*!40000 ALTER TABLE `sekolah_halaman` DISABLE KEYS */;
INSERT INTO `sekolah_halaman` VALUES (1,'Visi Misi Sekolah','visi-misi-sekolah','<p style=\"text-align:center\"><img alt=\"\" height=\"104\" src=\"data:image/png;base64,iVBORw0KGgoAAAANSUhEUgAAAOEAAADhCAYAAAA+s9J6AAAQAElEQVR4AeydB4AdVdWAv2mv9+0tu+k9gQRC7713FVDsgKIgYsWGqCh2VBALKiKgIFioAiLSOySkk57dzfbX67T/zAtBulQNvxnmzJ259dxzT7vnvg0q265tFNhGgf8qBbYJ4X+V/NsG30YB2CaE27hgGwX+yxTYJoT/5QXYNvw2CmwTwv8dHtg2062UAtuEcCtdmG1o/e9QYJsQ/u+s9baZbqUU2CaEW+nCbEPrf4cC24Twf2ett810K6XAWyCEW+lMt6G1jQJbKQW2CeFWujDb0PrfocA2IfzfWettM91KKbBNCLfShdmG1v8OBbYJ4f/OWr8FM93W5ZtBgW1C+GZQcVsf2yjwBiiwTQjfAPG2Nd1GgTeDAtuE8M2g4rY+tlHgDVBgmxC+AeL915ruvbfesuDAfcPTF3wmPmuPbzTO3vPkljkHjv+v4bNt4DdEgbeHEL6hKf7/aJyadVSXf8bhpzPl0Nt8+faxtNL+d7tx7oXBSTufa7bO/N2gGluuzz1mSXDOURf5px94wIwZJ/j+f8z8//8stgnhVrrGLfP3n52Ye+AHlCl7X0P33o+PjeUX2sGGS0LNEw9o7J4ZDSa7UINN5CoqgXgrLT3TfUq4aYYTSJ6pRJqvXVrNL1MnH7gwPP2AsxIz99uncepu0a10qv/zaG0Twq2EBbq2P6A9Ne+Qd2rT9r2a6fuuHbT991XjLReRbDshMnHa9t277p6MN7YogVCQQiaNVSkT8lYvV6DYP4RSrjCxq5tUYxOxVGO8dfrMCc1TZ86Jjp92YSXWcuOIFVrBhL1vjsw87KONcw+dspVMexsaQgFvGSXZdv+nKdC0y5GTWnY79sjI3KOv0acd/ujGovFk3o3+Ltw6/l2BlvE9bZPnRBs6J0SCyWb0SJxMpYYS8pOvljHCfuItKYLxMA1tLURSCWou5EQQfeEYvlgKRwsykC4wXDD9li8aCk+Y0paYOPsQrbHz4lEzeKd/5gl3M+GQa6PbHfG+6KwDd510yMkxtl3/FQqo/5VR/wcHbZ9/RGPjdsceFp5z/A+M7d/x8HA5dO9gJfgHq6H1hOD4CfNjE6c2BVs7dCPZhD/awNBgmuGBNLriQ1V0FE3DFroFmpJkVYv+gXVsLGbYWBhjWFfIB3zkVJUNI2OMinUsV0wmTphCSvoLhWJERTC1YJiS9JEYP64jPK5jj/jk8cdrzR2/zGuhm1dtzD2hzj7yd+Htjjy5bftju6Xaf+f+Hxx1mxC+RYvePf+gtvZdjtten7rvF4Jzjriuf1Pu3ozrv8rf0PaJhrbJO7Z1Tm+JNHQF8IfFwkVQI2HcYIiy5WIpGtFUM0YoQgWFTM3CDgTJaCJsIopWPEJ0wTwad5hL6567Y0yUwGhnB4VIELchRdnw4URirF7fS8my0AIBcqUyVduqW05fJERZ+tHDYSxV15q7J8Zbxk+ZEG8dd7IbarxiwNbuY+qRYikP+HVs3jEHx+cfPfEtItO2boUC24RQiPBm3D177x1o2emInQPbHXqevuCoB9e7vuX9Lg8yrvvrdlvrseHZs6aG2lpiGAFs08QtVwnYLna5TDmfo1atoigKetCP4vdTURXKhoEdi6M2N2E3NRGbNpXEggU07LQAfepkzHGdjCTjuBN60KZMIjxrFuEZ0whOmYzVECc4vpuippJzbdRQED0UwBShrMpY0j2VfFH2lQZKzcapWoCCPxJTkh1dHanJU/ZonDX3fZVI6pacFnhEmX30w/rUA74Vnrzf/q3bH9LEtutNo4D6pvX0P9ZR94IjxvfsfPzeiRmHfDc67bBb1q0wlw6mrVv9TV1fSY6btlOwc0LM39Tpc/1i5cTaqaEwvnAEPRpCCwdB9ncEfYTiSZRASCyWLZHOCjnHxYzGCHWPo2HWTFIzZpAQ4QtN7EFv70BJpahFIpR9QRFSH5ZYOTMo/UXDKA1JjPYWgt0dxKZMJD5tCm07ziM5dSq2WMiMqjFaNcmYMoYeRI3EqGoGthFAEVfVH4mLoIZwpF6papMtVuQ7QqyhJdk2ccqOqe6pnykqwT8NDJUeDE07/PbItEN+1LrgsMO69j5sFpy3jZdepwxsI9xrIFzLbifv3LDg3d8Kb3fiU4PV6JP9ZuBOt6PnnHJr28GpHXceH50wNV6zfVRyFnGiNGhROgINJLQIWs0lV8gzlE8zUM0xoBYYMRyKIkRGspXkxBm0bL+A1vk7EZsxHbOjnWw8itXRitnUiBmPUwsGqIqA1DwhEstllmpoYlU1s4rrWNiqg+XTqEWDVJMJys1JcskkZlcn4ZlzaN5hZxrm7UJ40hycVBd5X5KsFmRE+hwRqzwmAloUEMNJWNOI6z6CEvDRbIe87DMLpqU0TJ0aaVqw0wS7o3N/t7vn4/lI040bR6yH1O0fWaPOOejn4fmHHNiz99EJtl2vmgLqq675/6ziv5tO5y4HpTp3OWp2YvvDzzemH3oNUw99cjBd/asVTH422jF+lpFqi6nRBsXyh2noGIep+sXSxXE0P1VLwZWAiiFWcDRbZCxfFutjUtN0kP0crU1oYq2Ck3pomDldrNZkfF0duE0NVEXwylERvlgcWwQvI5YxK0KQE5exULWpVC1M08EV71ER0CRo483Ftm2qsncseCCClDNrZE2LWihEWaxcUfZ/lajg19hMqGc8qemzaN1uPqFpMwhOnILW0YEpVrYUCJLXFLKuCJ5rUxG/teA4FOS9pmvoglfJVok0tVG0dALJNjpnLQg19czsTnZM+XDRCV63blPpAX3mgTcHZ+7//a4Fh+0xaddte0pe4VJfoex/qmjG3idExu185G5N2x/6xeicw27qHSo/0Dta/Eegsf1L4Zb2E+KdPXNT3eOasrUSg/kMatgg2dyA31WpDKXxOVCTiGRb1zhSnV2MCtOul/O8ogiVLS5iaKrs5+ZtJ5ZoBxpmzSEyfgqKWDunu5VCa5SxmMaQWiVtVSiIZSu7Li46qmugOwJeauvobgCDIH41jN8XwSeg+yOoRghF86G5Okg7XE1SDZEfaiKM5UqFXLVImhrZgEqtKQodogza2vCP6yE6WfCbOYvo7FkY06fiTOyi2tlKsSlBrSGGv60VL3A0uG4jtUIZN1dhQmMnZt4hPVymVHBQ9ChNHRMj3XN2nNYyedYhTrTx7I1F66ZVmfw/w9sffEd8zgHnejSeIbRm2/UsBdRn3/7HXibtfWxnx67H7NK620nnx3Y48eqVI+bDA1XfTVpD99cirRMO7Z6105RUz/SGdNkBCfH7ogkM2Yu1jusm1dyII5Qby2VwJXhSxKEsQY18qci6DRsYyKdR2lqIzp1DSpg6Ie5leOJE/CKcSlMzdkwYOxih6g8xXKmSl/ZOMIQv2YAh7qMSCuFJjy2CY0j/uq6jKSqKokhNG1vMoOmKZRUwHRtTLKUt7iT25kXUpa5PBNJn+CQIJPiLa6lFwtJ3Ap+nFAIaGbNUx7OgQl5XxS32UY2FcWVuflEk8anTaRDctY4ulNYOKrIHtYNhaG4jKJHbdKlGnxyH2GKJLUTYVUMisBWhR5BhEVC5xVp20DxxVnT87AUd4Zbx+6mptm9syFRvWLp24EGm7Xd9dPsjvtW4/SF79ex9QutmzP83n7IE/zsTb9nziPENOx/33uC8I6/ekHPu7MuaNw3bgS+5yY53pSbMnp7onhF3o83U/DFGSg5uIIYSjKH6hTklgFEq1xgbS1OVyGZ+LIMpQpERF82SPVspESW1+8607L837fvuTZNYvaqc6VVSSfLiCo6pOoPiRo4JFBUDpN9gLEXYiHh2Da2m4JZMnLKJJtY1IG5hMBoWYbRw3BqmWxUbVsZyBZQSloBNhZpYTsusirAJ2DVsq1bfHyLCiewTY7EIYYm46ri4sn90ajUUOarwayq+oIE/GUCN6tT8UBIXtCDCXFQ0ykqAqi9BpGMSE+btQc8ue9K1yx40b7c9OZmr29VOVSxkJahhBVX0eBh/LMZINosqCkDRAti2QUkOJnt7M9ScsCixdpombpdsnbvHzKZJ845xY12fzSipG9b11e4NbvfOPzcsOPHjbTu/c97/WpDn/70QBmft/U4m7/VtJuxx3+CasfuLiv9XsZaed8VbeibHOyYmm7om4OgBxopVcmWLTMUSBtSxxVKlS1VhzjBpYUwPSoafmhGkFoySmjSFjtlzaZ83j85dRPh2mI/TmKIkgjMkzD8iQmCIcCpxEeJYFDUSgkBQLKiGKT5iuVqmUCiIC1sVwathy17PqjqSKlglWwS9WAcb+U9Wyda9CIkCYhVVQxPloKAFdbSAD83vwzDkXVVRBVyp5ojQ2fKSE2tdlIBQtVLGErfUthwUMeOK7DU16bJSqQg+FqrPwCcCGxR8/RI1VcQy22JJayJQ/YUiA6KALBEyZE4dO8yjed5ckrOmo7U1EekZR9a1ycu8A63tFMQylzSDkurHFDc53NiGGopTdn2khcbeL3myFdCiSRo7JkXDrd0T/Ym2o/wNnT/alKn8hXH/fICJe/80PPugk7r3OLZt77331nkD19beVN3aEXwt+E3a6eRYct5RRxizDr2YWYc8xuzD+vSWyb+PdE/7dHji7F3D07dr1aONasnWxIIoIPsnq1gkIFRIhEMEhaF1YcYaDhVhKNl04YhQuckUruyJfOJSNuy4A00LdiAxbwe0iZPISfBkVAQjK0JQ8geo6NJZwI+lQblWpVQpUa1WsCwTRRhVUYTzFRsEVMXBrGZE2HKkUik0NUBz0zgMLYgh1Zoa43hupy34IN0iAuZzdHRTq1s1u24FXWxLxZW+NdUBQ8URHCxNFfFV8MucQqEAiLD5RHlEoo3g+ETQHcq5EqojdJAAjy2BH7NSpVKrUDErVJ0aVc/dVW1M3cEWF3ZEyjKqg7ffzQUMzAYRou3nEJ0xhbbddiG1YEcMOVrRJk/CEprV5EjGkiBTuS7MOqrQJywCHhVh9qkKtXKJfCmPLn0hCqUiWiE5cUJndPrMBaHuiac7yeYr1w8Xn7xrQHtMnbLfzxLbHXF0127vauf/2aW+fedzntq57wkd0blHHB6aefj5jN/37lUrVzyZddTftU+e9dHmnunzou2T2hVfDIwYii8qViMmCx5HD0bRI5JGongRv7IwVlaYLmubFFWwwsK0Eqmks53k9CnEp04kPL4HnwRSbNkzlWJxssLYOZ+Psq5TkahnVcAUIbEUFVv4WmRIbNELqbs5V5GgiwciDQSjEcLi3mVGB9AEh9GBXhRMFNVkZGwQ+dgMbL40sWKaWDhFAHFb61CvpOLK2N4IeBLrlUkTy7QpjYxKEKkJMzeKmx1DqxTFRfXhuaqqNFCeAalev13J2AK2vHsgco4H3hyrmooHJRH4vFjlfNBPxfu1jngCekcbUaFVYupkUkK7gByxaEKzqngCOc0hK/tZz2IWNOq0DyTi6KLoFBFQWzWwVT+It6GHEgREYYQ7xjc3LnewwwAAEABJREFUT5g1p33K3FNLaujXG5es/gcde97ln3H096JzjnzvuN2Pnj9798OSdcTfpg/17YZ3+15HHhDZ4/Cf+3d5cnFvury4GAler3e3fyk+ddIePQfsPz6cbIqlx3IIHxPVwgQdg8AzkUVXuKhi2eIuWWRqJqOWSU6sRkkYyGpuwCcRwcSMyTTPmUHr9rNpmTsTpSkFsq9zxU2rhoKUpH5escnaNemjUhe410tDT4484Q1KQCQRdGlPuET8RZHNDIroAdsRE+V1LkKCuLe6gOpZRVcXyycVxKIhrq0irqUtMVNLMaS2hsiNWDgEVFSfMLVlERLrNl5eW2tpGuws4YhLlTKOItZTWr2e28M/L3vQrCivnPRTFKGshnzYsj9UGhOoLSl0EcLAuHaiE7uJiTILTulBn9AJnS24rY2MyhzHqjUylRoFgZocw+gyv6isXTwQJ6SG0RU/eYnIJts6EhMPOXRKw3bb7eUb1/7JfDDwyw0E73jKDN0fWnD8ZU27v/OElgMPDL+eufw322z1QpiYvm93dOa+H/ZN3ONGenZZmSZ4fahl/Id98dbpsdbuhBKMGUU5vMYfYThboOIoOLKP0eVbC4Qo2i4SY6GsalT9PkxxO21xh5yGOIi1S4jAJWbPpHHGVBKTJhEc11HPr4mlK/s0MsJgHpMVJK0I1IRpLA/EmjniAlK3Qrzuy1DAymVRB3vJLnmcBqtAxK3gEwsjD+nXBdeRowlHRnLqQi+6RPI1AaWep+A8YwV1saagi7eri3Cq0hQRTF8iQWlwI0kzR/6pBxhbdB+10Y24EuxB2kpHr+t2UcEbQ2hhy3g1EfaSBH/ynnLzQOiEKBhSMQwRuKAEc+ITx5P0fs0zZZII5SR83V31M1KtpRk3kaQi++aM5TJYLLFpLE8g0YAqgbEKOqOFKn2jGbyglqn78bd26/6GcYnEuOnTjMaeD4yYvt8O9mpPMOfAG/T5B38+tMOBh3DCCR6hXtf8/lONhIr/qaFe+zjhHQ/avxqLP0ZD+88DbT2HpSbNmeyLt0dyBYVooBmRKjoSncR9SVyJLmpqkEA4gT+eYlO5xMaSCGUiRkW0st3RiNLTSXDaROIieI0SWGjaYS6hcV3ozc1UJYSfVRRGPAspmjknFtM7nXB0H0iQAXE38d5l8RFQdEP423jupF7zuycoMTEnen8/g9f9ibFfX07fP+6kTQTDJ8ENxMKpDhiiSFRHXiS/Jixl6jKUVyAS4IpVdhUpk34UAU/wdBFaTQDJN2Uv6Pf7iesOK++9ncFbrqF8x18YWfQ4CVWhXo/Xf6n+EIq4j4jiQxXEVEFQ03A9kL1gVVzkoqCXsSzGREDTorgqAR9qKoHh7bMnjMOYNonAzKkEZ00jIC6sNqkHp70Nq6mJ3lqNXrGC0dZOIokWQqEUlbyNZvkIa1GCRoxcxgQtIuWtgdaJsyan2iYeboSbLjC1yF9YWfhh5y4npF7/DN/6lupbP8TrHGHGrtsVLeXCaMu4Br8Qn2BS6NyATxYhHG2hUHSpCUdmiyaOESBXssjli+RFgEZlsQ3Zz0WnTiIuFi4qixya0IO/ux2lVTRuQwIzEcEORxgSFygtbWQsasJEjuFH0f3CRDqOqqMbPjTZ92kiiKoIqUcwVYRD8YTEs8Cvc3peM02YszI6QkQilyx5AippqvfcgTE6iK9UwSfRRN1WUES4vPoeOKo0UgTE+uClAnUhlELFs0oiqJ558vKUuiCKncxlaBEhzN9/B40RBWpZWLcGJZvDUwTS9HXd9fFEQeCBoCSmVWyjhq4a6D6/gASqRJlVBQ9ThNESGnpQUTWJlCrkZQ4FqVcJhnBSCXFd5QxyQhf1dROBTMyejivnrYgi9ZRjxjTJCM097wY9LC5qjaJEbR3pp2Y6EmxTKZsQiTSSTLWRSHUauhH/SG9v/1df1wT/Q408nvoPDfUah3HVU3F98zRxRWz8VCXcODxWZCxfISeUdjQ/RjxJ3lvQcBhjXCeRuXPp3G8v2vbchbZddsTpaYfuVtyOFtGqDVSkXkkzyMqCZQpVxnIFNBE4n2jzoJR54JcAgSIMY9cs7GIFUdwoFgIOqrRTajaKBDtkxZFTcuqMiAKvA7xWmigBrZQDtczp7zyYoL9C/yP34s+WCNdUNImGuui4ilgZYXFdFIAqCkD1LKMwN4ojQ7uowogeOKqLKdIt5JJ8R1xbi2g5T9/j96K4BU4/7lB6khF0mYdPFJjIJq/uUqTa80ER5aAJ06s1F0WOV9gCIih1msnWQBHQBXefESAowhaUox9VD2A7KpWagz8Qlv1vkJp4FiWhe07TyfgFwj6y8aCs4zwmH3kQ4/bZjZZddkCVtfSOSYp+Of7waagCgYAh8m+hqhCPxMjLtsSuKeiKn4ZUq0bJPjo+e+sN3gjaQtut8TbtvdrG9ZAdzlEVKxeKJAglEthCaVM2/6Wwn3IiTHLOTEKTJ9AwZxat8+dQkkhbLmiwyapgyns9+CKuUEkOqGsiKLYqzCxupeYLoonwVYWhy+KCFkplsa5lylVTGF4jEIoQTiZlcd1nqaPK2IZYRUP2a0Gfn4DfeLbs9byIvNDR0kphRKKgpDnioO3ZcWKEocdvI5EfFkEcwy94K3XrtnkEzxBqgpKInWSozwAino7MzsFWEBoh7zYBu0ykMMQ4NUvvbVezXaufA+ZPxc4MEZW5tHn7Ld7YFQgECAgtfLqBIQLk0UgR/LxeXVEMmhz5uKpGVfaIxXJVgi9lTLGO6JoIYJCqKDuzUsMSi2bKUY4t83U97yMWx9eYIi2KZkMxz6iGrG2QlnmzGb/7zrQt2I6ePXaBZBQrFKDqCWI4SLosc042iCev1vVkJJIg3DMpaZcrbWyll7qV4gU10KsuIdVPTISlIK5TSSJxensj8dmT6N5vAf65E6h0NVJsTTEaC7DerJDz65T9PiwRNNNRURRdQBMwUJDUlTwBV7S4I6DUhdIAWXiEkVxVwZKFr5g1iuImem6d99cJHpiqLWhZ1BSbKiamZyZ5I5eKJdYj4v2oW3FQfYN87XMnkLAGeeLH5zErDG5+EMWuomoaplhgn67jFyvgCmPjgu4LguWQjEXRNAXXsTGknLJY0lKaLnOAhy/+MuPjBc593yFMbg3I+WCOdHoUI+B/FciLVAvlXqqikE9oVKRsVYQaFh6NvB8VWJpDTc4YK4K3JUcSNjYeXdFUEPo6grjp/eBcaFzvV9YIzQea4KPIWohitCo1SsVyXUhr0qYsUeliyGBQNenVTUbjPkaiBnGJYE/cdw8atpuF2SiekWwZhkollFBQxlTJlyuiwmxH2EioWR/tzXi8qX2ob2pvb2pniuJZCr9hoCgKqqHjj0VQxZWqhHUyIUU0o5+iX6Xm0zElPG7KQlmqjiOL6rJ5aopwiuKq4or9C7yyOigqUgwKvBx45c8Fz91zAe/szAOvTD5f9x0ORSkUciA8iD1Ig2+QCz95ELHQEHd8++O0VDbSrhVokXkmxKrYcsBelb2vTEiQMPF5jG1VKadHCIkPGNTAkTPHaH6EWRGXR375dSLVPj54yCx2nZGgPLaOiMhtlwRECnUGfd2o1xt683dU6nSsp5LrPgdeRFcpe/4tjSVDkUaKrJO35qp05Fl8VVxZb2mQfEfWylFVLJmvt841Awo+lbTAqE+hHBcl1NKE3tKIGwyIEkB0k4OnRF0FXb5klK3z3kyBrRE3way+r/FromFBEdcvIpouLOCI61ERsrqSIovjLRKycF6qyMJ5i6d5lJd3TfI1B9kzUb8kWxbGYxql/l1nErF8YkIkUyoKM+AB8l6HzdWefUqzf/WxJVeQrQv9a02hf3gTuigQMSUEa3midj+H7pDivA/uRLO+kZXXXUjxwb+SGNrIJH+QsGmhiMsVD2gYYhkquVEaI378NQmyZAaZYCjMEcYMPb2Q+352AQ1mL2ceP4l3HjKJgLoRszqAJWjn5MC+psmUFfl4ydsr8GBL4UvPzaOFV2NLiiJ0ey7UaSh5z6Ze7eeAN4SAJyxeW08INamuyRrokuriXxs2EiEGVdbS67relavWO/EEMieNrGiQUFsT8Y42PL4wpZKI4OalRBjBFai32Poem2ey9eGFeI7UBDtLoCwujZcGIlECkbCQVKXm7SsU4SJZGMkAjwsEFFk8aYKX1qdVXzXvTVbUS9iSSkXvWxJF0heBly8gRc+/ZYzNGVtaeKNtznmtTw+Tkikul23i8yxhtULIzROyNnD68dvznU/sRbB3E0O3/YJFV3yf9IN/I5ntZbxRo6lWIpRPSxQ1J5AmURljnJOBFfex8Pc/oPfmn6OvWsg3P7oPHzp+Ph2NFfK5tRh6ra63soWMCKNbJ9trxft59Z8RhuflyYdH/38PQjvXkbWjrgu9+jxzbXkX+ZIcpb6emlRVZDxFcqivjbTXNWoSpHLEC9JlbxiOhrClT0fyVFXKvfVXnl00r+VWB4LlVofTZoRUR6mJKiwpNkXHxPIoL+6YrgVQTAWtoqJXFRRRcIosyBZw5cURsGX1PPC+XdVbPQdVFsc7FzNkz+GBLgvlgVTnxaBKnooqQv5cUDwmkDXdnKq8kctVHBq7WsmWiwRlx+JIlDEoe9pkzMXMLuPgeXGe+P27+fxhk0mseojVV17A01d9m/6//Y7yg3cx0awySSyis3EVg/fdxBO/+z5LfnIu7hP/4KP7t3PvFadxwt5dhN1+qpUB/GEFOZOojxVPxqlUSq8ffaGD11jI/CIaefTaQp8tqSZ0fDFQt3D1tbCRSDBCc+qXIx6OB543JE1xVAVXAW88RcZWPZBl9as6yNGFKsE3V1Lv10OOKDNV9sa6poqAq7j1Xo16v1vjQ7DcGtESnNzNBPd+ieF4elJRMIXwlrcSnovvargimVuER1rILY2eeXpvHog3U9+/OZLvKN5TXp6xhl5b7+vVgLf4Xj1FcBDMZFnfDNKpVCUq2ySH0rkiBGMR4acyVqVAOd1HxB2lOzTKp07cgb//4hSu+MqxHD5DofTkzfT98deEZR8YF2s4cNP1FO69hV2SNb5x9sE8cs1H+fpHdqfJXY5aWE7QzeCI5axVLTSJUFhChmq1iqZp3pRePzxDC68DTyg2p95TKORuTl/L01taD2whrehWvHTz+iFriKyagpfvrYUHMgoqGopkeoG2mgRzPAuId5Qk/OL1JUX1Nq8Fj/90XZnuf3rIVzleTVX8loohwqbpftB0arKwVSG7YwSQDRHer1lc0ZgesUEKkafigYNnZZ4LXkDFA0tzZHP/HBCXxfH6kH7dV4CXqkOdCWXQ13lrgnJxKEcyEMOtgKlDxbUkcpmmKdZESBUGYwzNXUVLaLFYxjIXn3sA3//UkeCvMrxiGf6xEehfyyn77sjlX/4gHz5kIm3+ZSilB2ltGEap9BMVa2lYBtW8EMcJilWUceSMNBTwfOB/h7wqFTyQxLu9OXvgvQvIFF/3tagAABAASURBVPDo5jxDuy102pJ6ZR7YQuOXAkvob4rF8sB7lyXH8dAUcOv9q/X+Xe/bA1HIzjOAZFpyJulKVEs3giKoQkBN5qRLcE6gLNbR688TZI8rpLut8n4Odbcu/FQhtOaoGLJ4PvH3EaLaQP1YQTS4Lq4pwqSS9cwtK/TMG8IQdVBUyRGop/IqfXpPWTvqC6x4X5uhniffL0w3l1Kv77175VvSLe/e9+uFpoZG+nv7MBIwOpYmEAySamrEcSxss0KhMILfKBEPZtArKwmb60kyBoVRGuUctFHO6bCrtIaqhK1NWGOLietjRAJFysVBovEQ6cEh8RpcmlJNmOKyCd+TaG6WMRzerGsLLTy6en0+m74ETb26zwWkzsuC19kz4LXxXv+VqpiytUD4QPf5UVQdxRAhlEi6KpO0RQi9+qIsFRFyYYT611b32GoRcxRdvAxBT86bMGXvIn6+T9Hw/opckexyJY+mbGEiyagLnoIiK7QFeOb9X6kq5SqIJle8pRBOEQdH1t95WcAb4zmgyL6y3uaZ1Ovm9YIjDWuuCE8igilyFfKJNpfzs5pVpuIUqToV/L4QjqUg2Sgyf5+qIAFjvIygMF5BDruxa5hGEdVXFIF1UMXfrFU0dC1Jpeyi+yMYosgss4AesLBcaV6zqVVsFHnHm5/g8tK3h6UHz5R6dV8KkDovka9I/r+Df0WmpQ8Pn+eAIsPWwVszAerrrMqSqlIit+uiiVIuFosoGhI7sEFSU84KI0ZAvAj5VBQlqNRnKg22vvuZmWx9iOERW4RI9ZhdCI0sjPIMmqr3LvkvZh5vOv8C5ZlFezZ9pv2Wfrakz2S/usRjNK/mltR7f70gfYixR6ZZ70Gp4wub3WhhJimvF4hLzjNlSp2ppaxeIHU9Osm7rVVxtLJ82Xj0UV1xycRNcwRcT2tJHRQLlNqWrqSxRyvenEtxXnc/3jq8HLy6Tv81tkc7r43Xn4gqyjN0w9W9LK9oq4PNq7DVoSUIucoW1pGPl74VEcaXLtmWu40Cz6OAItZ2mxA+jyTbPrZR4D9MAdfVtgnha6e5u9US7bXP5bW32GblXzvN3q4ttl53FF5SCNX/Ry7olqlsSV9qbtuEkf/319YshM8n/hZOfX7u/8uvl9Q+z8zUI8MWH8F5pYrP1H9Rsi1jq6PA1iyEL2Kx51qKrRnxN2uVnzvfN6vP/9V+FMX78/+tc/ZbLy8rKN5PkFTxSlWPdnJMIcc93lv9kNkr8/5otJ7x//BRn/Mz83LlQFqVw2fv05tznQ5iEj2L6H1vyffS/0XwaOCBN/c6bRTFe0VRJCj6HL6pZ26Fj+eu9VaI3kuj9L+0T3qpBdrmhr40X7xdc19qjbeaufwvCdsWons6/H9x3lvm/xal4je8RT2/Cd2+ZUL4xnETX+JVdPK/xLDPs4Airc/7fhW0+p+uomy9O+ytWAj/p1lm2+TfbAq4W6/K2iaEb/Ziv47+xKi9ZKtXY+W3XtZ6ySlty3wJCmzNQvhyvPkS0/j/kfVcoXvu+/+P2W2bxctRYGsWQrwQ/MshviX/1dTZUvd56ZZf1z8v87V/1P+0yf3Xr/iRfl2ErJJu6c2ro0kdD7x3L0rg4e39EaspWxVXkRy5vUQ+pZm09/rw4Jl+vPpSgKeZ6nXkRZp4WXXQbfD+/tL78KyjIzVdAe/bA1exhZ4OjvTpjVMHKfD+4NXr2wOkvgLyROq6uDKQh5tX5ire3yQIXoKP4kodmQ/SG8BWAR5SL0LEm41TzzVdbxb1163uIVTd6nDajNAz52Lex2Yyem8vBV6pBy9VBkqdadSXTZHy5wGv/vIEajNrutK/4CB9ecyKMLqXupJ6dTTXxfs/KnngveP92Y8OlgFVSW3VARcMSRTpw8PHRcOV9qVqjXAsij8YwLJqmOUSuuQT0NEMH7pmIIUUhzLEfUF0XccfCmG6OqYtfSjStWJh6jVs1ZbJqZuHdxRUGctWgTqtFRT51kUqNcfLs0CrgYcrcilS0fs3QQUvr52KLcJqS4FXWZLXeXtjPh9Acf8F/NvrBePLHPDoU0+lsaogZ4iKLmSSr63yFspulXg9i9RL6a+Xynu2wb978RbHg39X780oV8D7e0GP0YXn6z0qYj0UEUpJpNBjIKf+isd49RqweX5eGYQDfirlcv2fvPCKE/EUVRFM4Sy8/8GmZmjSwEWRA/1KriTs55LL5YhEo3iytYWhvbabQRXh2/wG1nPeN+drLnUhQJHxPdiMHYjI1W+hndcn9Uvq1NP//kOM9isgIXi6m6n6CpX+a0VbvRC+UcoIT/FceJa56gz2TO/e+xZ4JuvVJK6iCosqdUDYX5FGm/8IWRZ9S38aOAI1nbrV81jB+3c0fTWbcM3Bb4PH+NJUbgdX8dqKFVJsFMXEZygiYJakAVyxgRkRNJ8/CNI+EjJQvT+ztys0N7fKQC6q42JVy2I1C/h0V6yrI1YYDFtH8xARBDylYHtWUSyk4djSvyPtHDzhcgULqQIibHWQb6WeKQ9HPuT2yh1Fqsj85fMN3l6n/wKv7+fCG+z8X823/SnTv2ixNb0JW4HH9Lz+yxFG9MAVIXy2F6/P5+6ZhGGRet54Hqgitp7r6Qmj5/pt0eKeAHrMLR4hjvThfVdrJSy7SiwWw1V0RkUI4w3NIJ6iaZqUbVPeTULRBH5fCFOsZCjgI5cZQRXpkRtVBEoVk6yIi+rh6Ao+jmrJq4smeOqOg4qLl297eCpSQdog0qp74LCZTFIXHDwcnXo9aSVVeQOX+wbbv5qhFUXB1f4TI70abF5cR31x1lab8zKIeVPw4GWKhZnrHPRM6jH2Fqjnv0yzV5PtepWEGRHweNZjTq/verY8vCFl6wS2cJoUKlLJkboeo9eFTHXqAuLl40qDuigIY4vFs+r1oFIrY4ugmWKxXNUg0dzGyrV9EPIxlilScqVhQxNPrViFKZbO+zeR6/tCv5+qWZFOVRRXk3E0SaVvQcUWMFVBqz6+UxdEQQ/vXybz/p1PDz/hWlRHFwuq4rOR1BGL6qLKeF5dvL+Rlf0WgrMM8oZuV4Et8IY6esXG3givWOG/Vqj+10b+Lw/syvgeSPLGbhEWTwjrnYjUeX16gqiI1dDkQ3cQ5gXhd6mi4CiKZ2BELlUcYWBHkewttyekaFLmgYGliOAYEmgJh7BECCW+KUGXGL+98nYSrd00t/XgCyeIT53OnQ/0k6uKtEjwpFZ1iIl76v1fkGxvPMFREUvoDaPgegmu5HnC5kgqKOJ4eAi4ghOCh2c5tS2Z9RbykPnVs+TVq+MlbxQ8bDx4o/38u/a6KLZ/V+e/Va7+twb+T43rCcRLAcJQdcARVF4KJPv13F6/CFspLopYDV3kYrMAqpIr5PaYXiyIKZbEksiJ1JJ84X65Nw/n1dNFAH1imYR1QhEcqasJILgWKlXWbJQ3NUSqtQfViBCKN5CuQkbKbHFZHRFk6QDdEOFVpS9V+hQkVCxUUQ71ocQ1dfEEXaKomo5sQAXkdhHLKOAJrQijKW29/yOS96+he/9mq0dLRfBQJBCEvbk+b+RShPYCXr/PA+lTUJHnG78VRUEmpbzxnt6aHoQr3pqO/2d6FabmGVC89JmJewzkyrI7IoyImCGMizDb5mIRCtHMrmd1BKRaPdtjbk32Z17qtfUslWIYpDMZvH/qUZfVclyL7ecHyKVzDI3kKBfKZOU9JdvEolWlapn4JXAzMjhCNJbC68OWcR3FRsEUXrQEYDNaInyewIqw8czl1us6eKkt43nuqaNJobzLU/rw2nuuKXULX+/HK9gGr5sC6utu+RY3VNUt4QpQFGFTD9h8KYqyOW/z58s8Hcl36iyuIvXFKinPAVVKPZDkZe7N7V+m8DnZUk+EzxDhMWyeZUyPry2xPjWzhC8awMmlUeQ4IdqQQM4W8GMQ1kOYpRqObOQ8Q6fJlIMSsTHsGkFDRVc1rJpJKBBGkSBMRM4ANYmEvuP4oyA3SjGXxSmVKT35OIcetjMt7UnCQUOinRZBPVD/J/b94QCKX6Fcy6KoJn5DpZyFiD+ETwRQsvArOoqiiCkdRdDCscsSDKqATwVNoQ4ibSquzG8zIPOtg6dceP2XilJXCNL9c1PJlbXzMl9/1/WWrqy5gKJvdiXqeVvbQ93aEHqz8ZEFwBUhURQFEew6KIoieRINlAXiDVxKnQFtEXQbzQHNpc5I8pRbMsSqpBqTFNY+TSQZQa+WyA8P0dDVjt+nU8jnpb4qDGcgXqcEUmrU5DBecUwcq4xrVcR9VKVfVYIjAsL4hpQZbhWoogv4bUuMrFg4eUepSl9VqW8LONLWoVLKUS7nMfw68WSS0bEMHe1I366UlQn5RUiFDhGfRqyjEb9bRlVqtDbE0WR8sGUsmYtLXQBV+ULm7YiC8SylZ7HrWVv3Q7DfehHcTNOtEr/Xu7zCMMIkW6bkekwqTKaK4GkyWw9UT8O6Nq5EHRHt/nzY0nJL+vz+tuRuSRVvnyWg1PsBz/3bgrkqrqNezDF7wnhScuDeLOOF5AyvMDokRwjDxJJxguEwjkQvvf/vZ7ixDe9/3IkEYXweftWKMD7otlJPvf97kc+pYrhFGb6KT9KQWC05GJT3sghlUaAqwldD98YWKOQz+AOGCJZBrmiSaOpkJA+lUoVQKEi6kKFczGBIv9boJoyxAfac0EV+5TKCoiR83j8lb7tSDh7ZkMsTPlsXl9UDRTLewO31qUofitCvDiIu9TxRJ15KfS29NXj9gyiK9Ow+G1J6/R29RS3Vt6jfradbV1a1jo2DoihoyIqDMKo8ni2T99d5e3snRyyeJ3guKo4iJPVA+vOJMEUqZRb/7VZ67/4Hvt4NtIsFCVTyNLeKhazmsWWj50s0gqT/XLiGYOMESnKyb0qEMyBBlc2MqAq+qvToCP6mQBXhWRE0U8DGE1rd9fJNwcBC/FFA8qVSQNfwa0GKNYOakmThuhyDOTCSDQQSURpaGwmHfaj5ERLFNJOkn7u+9Q0iA/10iisaEMUhs5J5uTgiLaIP8ABvjgpv8HLq7V1ZB/HE6+9q/Qlenve6ef7e2/9f2DLnt/UM3ZfA3lu8OojQeQusOFJLInquY4lGtyXXEVAEXthY6gnzvjD3Rd+y6XMVyRWoC6K8elZwM3MKWV0Hz1Usr12Le/MNeefmm/rWXvN7q7GQZkI8QDkzgOlWyMtZnr+1E//2+/Pli29m5YgPJ9At54N+fEZYetXxxvHO9bzUE3gUR7gUFBnDmxtyKTjyjTzlQ27PWnn1Y5EklaqB6+tg1G7lsz+4CsZNpG3WPEblDHIoO4hqF4kWxlBWLOPJr51X4sH71g/+4feFkUcexrO83sG+rYEpYIkguiLqeGTyBpGxXu9dX59nBNB79+aieN/SuVDwFQXRw8FD4dWPrb/6qv/hmt5c/8NDvtrhFGHvV67rMdkr1pCV1TThHGFNV/ZTlgQ3TAFXhNFrp2veEI7WGKwHAAAQAElEQVT3+vpBBOL5zCDjed1Kj7pYwrH1T2+kkLWwrRPZsGrtg5dfRmXjOpLCcSFdQQ34KPpCTN7zKEqVEJ/7zh+oGt2EY91Uq5pgronlUbFkpWriS3tp3RLhXbqUeeMJeEpBhMMRC2XLsYIl9W1FwbQEGTeKo3dy6e/vZtHqGpP2PQ6nqYOMBH38ts38jjZi+Qx9f7gCSun7KW/oIT2o10b7BYMadcsq3SD9e6C4Csh4vAmXJ3Tij28WOFGUdQsoqZcnU3gVI/z7Wori4esh/Sq6+y9U+fcz+C8g9aYMqWwWDU8IVVkELwJp16rYwnjeuyra1iurjyWCVE/fwEOVNVY8xvTAEbJ6fSoWLQ3xLG5VobLynnBc3ZP1qzPLrr6SNuE+NZfDq1rwBbAapzDp+E/wz0dM/nDzUipWA7YbxhSXtCbdVUSRe1CVMz1L8YkQyO0GxMUMgGqIMBoisAamYlAVxeNBTfVh235s4tx+72ou++MSWvc5Af+EHeizdGnmp032o0/84VoWXnYZVPP3Y2UPqJNBLeYsymlHjjZQRFHJrdmwJQKMqwgCHqj16q/34QmdZ8U9odsCXp7X35bUe3+jIIHlN9rFW9b+jVHwLUNL1lf6lnWX5/NvT7Y82FKmODqKML6Xh7Ch9+61cMXRdIV5VM2SiF+FRDVLQ3GY5sIAzeVh4hL5C7q2RBEtae/IPsuqg8cQwlqSpwogvdjyEJC+XcDr0+M/xCooMi4iRbq4UIZbxSeguKZUEuwEL+RAXAv4ZsoZgBsKNbYVh9cNENb2Zt2qzENXX6k0VPJUJEgTiycZEWFo3X5PGnbcly/+8AEWbTAJpibgClYojoys4oqVcwUjV8ZG3i1Fx1akSMCRby/fUVXJk3wJ0ZiKH1+im75CmB9ceTf5UDPjdjmYnC+C9wucqFjBqERrs7fdBmMjJazSXtLb5ls1fa7qjCLjYRtoMpAu3oRf9og+idBqjtDEI7qM7Y2ruJvphUcnEVxXAKSOfCviNv8LpEfXA0dmYaNJQChsFmipDtFZHqCjPERTJUvQtMQAS+cyD1fmhlxeH8g4dZB+JUtuR+DtfatbK/ouruLKGjgCdY0ojK4JvTVXMBZ3ZXOeKotoSPTQkMAFKFKm1hdJp54I85YrGbpiGvGNTzF62XcI3HctA1f9AH39MqJyDKBUK+jCMJbs1aI+BS+Q4VRNDNdPc7JJWLCCqkodQ0GTMD4BHXQRCEHMrUqeB+UqIYlU+qwxEj5TmMcEU0dRIhixBsTX0rRkYw3vGlq7EJ9xFPf9fXjNX/+UmShncVHdpRYwWV7M07XHO6lpCb700xsZteLI2TtRsX6pcBKlIviJUJaKRZDzwKpmovod4fUyjux1jYAfQ/XhSjRTFQVQdUIMmkkuveFJnhjwMW6/k6m2dqBGg6TcGj1mkSd+9TMY7c/jq/QAlsDm2/AXiwUr55YMonoS7/feulVFESFRS0M0JvyEpR/VZ6BosgaidDRxfV23ilQCrYoiZtOVNrFQCLdakz5sFFPAckjGIwRl3nGfSwdZKnf8jnXfPwfrxstw7ruZyeEIYS0spDNw5fBSEUFW5U2RhXUVVcaQeau2pLzipSgKtigbtmJTKLN5xTn8VwsdBTxB9AARMPl8ET6uCBqeVlS8BXHx2iA6tl5RyiLhIGN9ayiueJT9ZrVwxWdO5NBpcTbd/AdS1TwJOUzvkgPsiSEHY3gtxuh64laJxqCfod5+ESgZWPaQYjTxAGF2xBIgikC3XFq0EBOCwlC5YVJWlnglQ7PwcrBWoy2eYnTT4BoCvlq+VjHqOHmPzNq7I0H/O9wnHnRX3XIz/Y8+QCKo42tIMuRLMO+ML/PA4hy/+euD6JEOSiUXq1JFVAvlfIlkJA5mFawalVwWImECfj/5TJaSCHJMGLhUMUk0jufexwf4+VXLiOxwKOP3PJgVG3sxRPlMl/nd/+0LYNO6Kk5lAoXCsIfas2BZBhWzELbVWqvux5/PkRJazWqI1ulWWLUKPZsXUtRwhR62CInjLZJHe28RRBE4Imz+YBjVrhEoZ2ioZdipKyLpAL6xfvTRwTo461eQefAv/PHrH+ZHpx7G0B3XMiZK0tAVFA8hWYK6cvW+ZE0Voa+X/dpg6629NQthnf6vRDpHFsRWTSy9iqVZOKpVZwOvjSJuoirRu0rJJB4MMrToIQ7bdQo7ir4/9/37wNBKWL2MnkqF4qP3k3/gNoZuuYLygzcSHViK2f+0RDdtNNlT4YhGtn0ikKCZNVSnIvaoRhCTcDrD6r/dwbrf/JZVv/gpxScfJLxpLR1WAXWwl4Shr8WsOWBFPby2QCHTexeG+7HavXdUrMcfWmIMb6LkWeOpPZS7xsHUeXzh4vt4ZHmBKkk548vi99v4fWFhfA1q1BVFzPtNmcxRq9n4VEUASsUC/kCUwRGTb33nzxBtpWP3/VldLjC9pw2jfz33/OznMDxUCCaNySDnE1sQ25LquoxRWqUM9z8x9NC9xcRI79+VlUtG7//WBaz75WUUb/snjYUqPvEkUExso4rtc8QbkXZ2EOwQWD6qFYf84IDQaQPpB67n/m98gNqj1xJc+Tg7hIKMd2DZlb/i/I8dzW6z5bu5ihEtki9soGqOoLslARtFLLvi6CLiJorQfbOrI3TYgu+/ScVzUv5Nlf9asfpfG/lNGNizkK4neJoNiqwmsNkyIm6qB7p4IREU1Q8+ea+NYo0tZbsulQ8euweD999IYsNjDPz+IoynbuWoyVF2a1To/fXFmNkRfD4/mh6U9iEcVUilumiKg6Eokq/gl3O04uAmfLkMSFSDTeueGr7miszaf9yE0fs0QTn8DhWzLdRqYaxqq1R6/l0cuYpa4dPFh++ZsvHuv6+ZGA4yKv1lRfPv9f6zwQhw4a/+QcZpxQ3FqDgWPn+ASqkEwus4NXw+nwxt4qHnF2uoGQbFqhSHu7j0d3/nqX7Y8ehT8bdNxBS8o2LNlt36J6ynHq8G/Oqh5bH+jc9H6pmvWs2nl4vjI+nhanS0f2N54cMTN1x3ZZjBjeuxzQ2sWUlUzkD9OCB0wZB2uopf9RFQAiiKDyRgFBMF2JYI4w6tZ7K/yOnH7MDU0hLWXP5lHr38a2hrHoXiJt55wHYE7UHCek5oXyGU1EXOTDSxet6PzmVhZQBVQMbzxpQ3GQCpVH97Oz+8Wb2N8ZcF8RhA+dcUvFdFFqm+cCgEwo2yjGFwfIQ8hq0NoRVXc/j8NqoLH+Wpy37IX77xLhZd9mku+cihfPzw3RB/jY72LvCHpVlQQBhC9i62YYnFdXE1FcXQ0QR6ulsoLH7IZbT3p2Q3zSFgfch96B/5ZT+/KLfxnjv6O1TWUbFUv21sz0td1dGfUBy6sHbXnR3rb7hpuKVaJaL4GbaD9Jzwcf7+aIE/3t1LOdBKSdEpWpbwtopwOsP5LDnDhaAGfgPvbw6L3mdjD3c9MsjPru0nseP+hKbPJ5O3aNID3P2bS+GpB61QSDmukl97z0uhVM+zXF8Dlu1uXJXoveY3XaN//2sTpaFzyK7tifrMT2DlCag1AgbIlhVN1sGngFEHR8pcQculODZESLWZNq6ZJvJc8L7D+O0nD+eJ6z7F7tElLPnTRbxnv9mknAyGlSMSFYWpIdYfTFUFV0W6BkXoLgpQkW/EHsrS8houocprqP0friqz/A+P+KYO56Gv1BcKcVW8BVJkb6JiySiut25kc0X8oQaUSAsjBRdHCWDIgsacUZql6d9+9T52GueQsEdQy1ku/Oa36dh+AT6xSqZE7jwfVJWIpyL7L0WOODQ5Z1SsKoqUKUoZwy9jVcYUgmpQBoVNvddRHYsFgspZfff/I37r1Vfsr4kYG5aVrJe/1MMqfYnS6E9H7r0jOfTwvauU0UFp4ScwfjbG7AP5xq/u5c5HB1ECHfgDEWF6HSrC5PE4eiwCEnjIFHIYoThojawZ0rngZ3dTSTXRsctBKIkmEUCVxddfA0sXVQlqZ5Ry6296KVSezXOtzOCKFfsvue2GiYZuXoodbaAwcIlXblZHG8gNCQ3Kjk+WQMdFr5moYhlds+DloysWugYRCcCUajZjZZu7/n4fd93ydxrFg5gSKfKzr7yX6THoCOaJh3yiRAxW92WhwS/r5Je5hnEVGcAbFEeesusUa45EklHkU4RSBpOXt/e9ZYZv31mI8OEYqAK6raG5InzYIEzgKi5u2aRUsJmz+yH88k93s7EUY6zip6OjgaOPUOiZoJNo1qmFElx248M8JIGMnvkHsHL9WgIBE/Ff0SpjhPJFwpkqgWwVo1BAqY7gyJ4lne6FCW0OlcwI3vUMVEbX/QZ7OK7USn8zHCtbKWU/H1BDX3im+CWSwtnk+y4dvvVPE4YeudcsF4fyFTEz2x32bsrlRi7/wzLWrfVhGHEsVwRfeDIYjaMbQRBGzZeL4r3GKZRb+dXVT/LYOph0yEn4x01meGQTIw/cCQ/eURGkzyWdlg0hL3eFNdSLVdykEG9TAGuOWe77FKyqbmlgqlaGoCpbyr6lim2JQjAhXwEJEpn5EYkZjVJzSoKng6UZ9OUttPHbE9n+SM6/9B+kS+3YpuHJGuedfSAdKZWB4RxGaiq3PSD0rDaQiLUTNiI4aNgyP2896wInlvBZwfQEcQtSb+NUfRvjjiILgqcVHU2EUK9/Ky6SehrTQRdmTeku/lqBRLKBVSv7uPGfEpCJTSHa2M5HzjgTNdJIRklxjRxmf/HHf2S70z7PWLSJaGcbVaeMaRXRKkXi2SzNYxlaxEq1iIvVnB4ikR8lVM5DNq2CEubFl+1SOMYfChyEhFNtxTkPjPWpVOqAF1eVHKf0ccrDN6cf/rth9a0KdqYSBFva6TjiPdy5sMytDwwylNVR1YiYmAilkRLVdAHEbY6Fm8iXAqztM7jihnUEttuD1OT5+DXIrVvK+ut/i6rULpEQ6vdlpJe8AwS+pKGOOvB+B/vjUB1fIbvmhZUNxY2DTauqJhpz2VpLOu02pgdJjPaRGOslkhvEX87i2mW8v2/0NTazoawwYe+jWZSO8MVLbmB9NoIaamPPPffkoIMOItg0ntWDLj+9/FbmH/AOQTqPM7YJw7Hrw7t1gXPxgnGyxJKnQn39JZWvt/O99c5AUVAU5d/TVlbEE0bFE0ZZFEU2EIriCsO5+MVlNCQKWl31qCzmGEe8/3184YI/8oPL/sFwOYoZnsRDa6Kc+Jnf897zr6XjuDPITpjOuoCPTSJ8liGsVrNEUzfh3yixiIsutFZ9+2vDq3/wrcr6r38rvfKHP82N3v8I9A5YAVsGfhlss6WRRy3MoKs5X0Gxo2Njmb/JzO5sjUSaXtTErR5BdejJvit+rg/c//dqJjtI+9x5xOfux5cvvZcNmTC62gpjDuGaQqchsl8xiBvdZNIJPvbFX0hRgD1O/Ch5OWAvLX2UjX/8FWjV65yM7OleNCCEQqEd/Wqg5KrO52yc/4VMngAAEABJREFUG4XVG2Tml71E1XqWVrBqatWyreXLlPwNNzy+4SffH+v77nnWwE8vrA7+5Nv54Yu/T3H5IuKqiaZU8eiY9xmkJbg054QPc83iDKd85Rp+f/cwT64t0dg9m/uW9rP3MZ9g/NSdaI0JWTYsF8W3nphaA9cUj9vGVRUU1RIlZAlvGJL66/i80kNRlM3F1uZka3yqWyNSrwUnVYis4OAqHsh6eanqoDguITkPG7z5airL7uKOy75Gfmwd7zr5JL79w79w5wOrmLvzxzn02C+QLsbZ74j30jxuBo4wimn4CEejREIhEk2N5Ab7WXvtVa5ql341aXywi8LGYCyovpvhwdufvvPOAuVapZYunK3Dyrbmtne/HP5WrXZBe1trp6ppvwd1x4FCZUDXY+e9qH6huj1lOYn7/RV+a2DVkC7R3x0PPxHiHZz5tV+zLm2gxFoplGr09Q+ARHDHCiEuvvLvrBZLufd7P4btKFTkiGThFb+E0f4nKGSOf9E4EFEU35/KJfMBy7FKtlM7VOp49cqSvuytW0xTCxX1oVtuaFpz963TtY2rHjLM7OkxP7OS8fAsysWsPdSPLS6yKfto7x8sdotlRuWM0zb8nHTqx9AbJ3D6p37MMe++gK9+91ec85WLmLtgLh2tKW668hLGHruVvntvwM3045P1NTQNR6LDyPoqsu+XmJFsPQRFV5XHv7ldRFX/mzr/xeJXMYP/Inb/dmhHtKOoOBE6RyJwtmphCb0d8V0UWZywBFBY9gB/+e7Z3PS781n10B2sXf4UnV3jGBpRCIZV3nH0obLQWf7+21/wxBWXkV2+ggZxb/W8iTmaozg4RMrz6ahUwj5uWLVq894ol15zs8TdhWHFeQ0HJ+so31Dwx4eGxn4B/prAcGNL50mNjY1tz51Gf39/ybHNk4Kh5L4Kasm2yl/WjZAdamw8jOde1eo8SumxpZf/tDmaG7TyOiQOOZqn1hT46Q2P4FYcnMYkhpz7oelce89CLr3+HroOeQfh7skUVj/FyisuhVp+PY709dy+N79/0e83Mq7rHKGrxlk2VqMF/9xc9OJnsrHjNEUJrlUwzEI299EA7jdTQW2Cy2jCZvgw08xelhvuXZXuH9dPTQknWttINqSIRhIEg1GSqSYmJpMsv/dGfnfeWWxav4TtdpzG+BkTWdFbYbe9D2PJ4oXc8ocrOf8j+/PPX36ZHVMO5sB6/LKqPkMkyTZRRQA1NBTTRhVn/8WY/gdz3qSh1Depn/9ON55WVGVxNEvGd3BdF0fxQOyM6D6fI/k+B/qXMrPJ5pbffZHFDzzFBAnK5DJ5aiWH++66mRMOXcD1v/kO8+aMI7PkCYJiXRtkX5hPV4iFo1RFowsjB30BdzcZ6EX3cHF4oEbtfJNqS2uqcXLQCP5IKtmjg4M/yoylFymQS8VCX03IJfn1u1QafcSlFo36g2e5Zk0+szf6QtGHon7/1HoFyGPVGsiOVm677GdaQI4muidMo/XgE9g4kINZc6i1NbPOrcGkyWSUIMrEOXTN2B7XcXj42t9JD2KOzGIPz7kivti7AlrIFJw+WKuat4Olm07p4udUqb9Go6HDA4HQrxCh8/uTZnos8yUh7+OxcOoQGzNZIP+F0bJsAuu1//Xo6skdRzimq4EAvf19QuMyYdWgMjZK/9NLmNIS4CeXnMdpJ+8jwjXKo4+trlvz7nHjvIArP7rgCD77oX1pUzPYg+uopYfRcTAkoors8T3lqrrg/QgfR16k7F+jv/jN44kX525dOerWhc7zsBE+ed73S3643s/VZCFUgc0V5E3ZDN6CUShil/IklQKtvhzfOnc/OpNlVHMT28+McMv13+SD754nglmkf+O9NPQkUHSVkUJNAgeNcvCtUkMjOHuSuFPDz7dWmwd83rNvrK+3bGY+BdXWWCC0ox/9Ah3KpVzpU9VMdljeR5pTzec0hjZbyFw192MbKxEJBP/qU3yTKlV3mbT53rOdumaIocHRf57/NbdbXMzJO+xI4h3vlP3rsYwkogwnYjS/41ha3/kuDj3tVKJCtZt/KjKVHcnTnJz8bD/yEib6T9exf27alf5YvOHDLhwi2c/eyXD45DD6HQGoqWXnWrdS2Tli+M/SHXdHnGKnTOO4bHHwjmcbvMTLxt6+M5XOLuJNDeh+H2YhT3l0iPGdrXS1hFj56O30iAgfsVeKP/76HL7+xaMYWDeImxtg3x00Dt6lnbGN96GZOfyKhipjiF5Fpi5v3i0UFC8HxcIV78fL+XfgIurj31X6L5Z7c/wvDv/Gh3ZdG0VorDqqREM1ECuGXF5Y2xJhNJo62NA3hCuH4HotzXZTooxrLFJJL+KXF59LRB8iGi6yftNqBlaP0NzRRb5cRZaY9nFdBOJJHHGnGsZPlF7dKfIwBF7Vna1k1xad6g9MaKnI/quGe0owGOkdHRu7IF3KLg2qwVIE9SuT2rvnFMq5o6bPmHnMxCkzhx20TwoD5hvC8f1lILe9Nd6NXaveIa5aLZ9j3oIFxAWfvhoUA1H0RDPRplZWL1/J335/tS3apERTsgVxfaU9OuqXdPymzGpKQ2Pi4zZOdzY7ekcsFkupqv41RVGGFE01y7b9mwrOap8WeL+RiDRXcWYUzMIlRTPzpNfPqwKHuU1dPSjRJIFkE8mGZmq2IwosS9F20aJxrr72j/S0pKiNreN9x+3Gh0+aTnvUYv8F04npBdkDFhgVT+XOexcTiSVwUGQLqIESkLUGPA/IUEQI3fo7b/NLfZvjD6IiVVvBsFV0EUTQQFG8bKpyRkVDJ3+9dxG2EiMaCrPL/C5mTdJ4xxEzSPgHSAXLjIyM8Ku/3guTZ6Mnp2K6IXFBs/RtWkUmnSYv/Y6fvwe0dvtDbW2f5vVdoi64Ol8ubGdj+Q3dd4LpmA87uu/zq/s3PqwHgmbNqXxs3oIdz9vjwIMXVVEiY6Z5IyRuDATajKauxjml9U9ZT1z3Rzbd+zC9q/po6hBDp0ZxyuAfGGP13/8hrnev3ZLqbqa3txxpTc1UFV/aRv3qzDmzVu+57+4fTbUmVgWjwTshtCqXcza5rnu6q7jXubbTU6lUDBvntJxduVJoImcvr22iLe2TjiISCbdPmkJODTM8VqHqj+AFuwYrLvlwE+N2P54r//QES5YW8NV8hKxNfOL9++CrrGHvHaaQjAUpVWHtaA1HCxBpaqfmKtS8/32VGqoj5Lqi1nQV23NRlXrWyz5kfi9btrUUbP1C6LkeCKXlfpZoilN/9fYGquNKqSNgoYr90mTj7hUqUljVdLbb93D+eNdjbMwoVJUYGXFPZ82exG47zaZaKVC1AzyydBN/ufFx5h36brJVP2gh/JEQji2mJmiIRm8kQwDCjZRGM+fwJlwVq3iHhbV3yaoEDJ8+36pVf7XwiUePuOraP3z3zjtum55oaym7lulXFeWwdRvWbWhra3z/gr13f0dt/RrWPnQ/yZrY1qE+WgTHcDbDhscfwVy/2txx3tyd2tpCTaKL7i+MZB+Px2IJUJTe/o3JO++6/eonn1pya7lQbgbtMkgkxJNowuEjQJ/AG7oHh8c+TjhB27TZFKoKWrKFfK6Cq/nwflbnJlL4e2ahTd2F7/3yFhyjA7NiotlFDjlwN6ZM7cE0w2iR8fzw8r8SmrY9PmljoWDaNqgarrihKDaarK3i8YaAgoujUL/qiVt/xdmceM9ncrzXrQ+2YiEUEgqB5ZgOJPXcelW0n+ZpP6Gj6v2uUAQwYoSwKxXUgEXJyuBKBM2QppGwH18kQvPU7UhO2YmD3/9VFm9yUWLdRBomUq6FiTXO4m+PZfjA565m8v7HS/542evrlMo1qiJ0PnGn8MbTVMpGnKb5e0MoHgy3tMwWFN60u1arLcJxThMIBpSq9F09NzMkZtg1LdyiozjF2Jqlyz+/ZOHi6ydvP4fKyqfwr3+CWcX1NG1YSKhvCbmljzJp7sxq2az+dPGSRUuw1V00cf8y2REbzKFcPvtn0VIHYxMVnp0F+W9Cb/lNm4TXkWPsGt9pD1Zmqhiqn6hYsKQRwMkXQLUwfSpZWbcZohhveWqY8y+9FScwCc3fQTDVgOmPMlZp4RfXPsZNj69lxp77o4SiIoAWuKJ03JKssyPHRyEMS8fN2yLAoCiK90AIheoJqxzwu4qz+VuRNZc8na332oqFUKhXp5sixNyCpkhXPU8ezxRbEgl0RUNWVRvXUPCyDdkjauUSgyuXsG7JQvbcbU86J89i/+O/w/cuvYma2sNd963nlA99mQ+f9RtR3q1sN2Wa1H1cXNoSLY1RAoGA7FkySISS0WyG4WqN8fN2gHgiWCzkPs1bdIlLuEaE8btYzhwRFgNqZziOeW0hna5Uc0Xn6UcfBbtCrDRGcGg97dUMDTXxHHOjrHrqyeDiRx/ZwTJNNR6KrFdc5yehMB0utJjV6mlY3MVbdamB82hIBdvmzMVpbMAVxZUfy1DIjYkAibXz+ymmR0kPbsStldhxp9256vp/cOCxn+AX1/yTFX0m1936OKed/T1+8rNb2Xev/bFKWXK9q2nQXZKxOEIXKtk8pZqJ7vOjeduNZ+bjWUKReRT5VmTCkvAcbvE+t1pQt1rMhJoeUZ+L3xZC1/Ok0Au+lEXgXBGYqiv8aoRB9hGGlEVKecoP3Ilv5cP88Xtfo68/zbQd53Dx5Q9z9fXLOPerf2DFiiqinLFkT7jor79iw7U/oDa8mHJuA8WRXvR4GF0O7mUPhRVUGZU4aeMO8xCrLOeDdSze8ocw0qUu9jsQDKiaB2hh/8+xrdyjN/wld8OPfzj6p4u+l7vrisuz6NooldK1uk89Asx4tpTrseCcYpHBtxxJbwCferZvUidWg58xiphC2IDQL9GaICZKjZJJvGoTGlrL07cJ7f95M9UsDJs6511yH7/+03LO/84NjGRjzJ0yiwf/+Ff0VY+irXycZGaQsKXIKEHEdFIxXaqqixtADL5kb7nrHpOKq6g4Angi6eV5KVvvtfUK4SvQzJX18MCjres9dBFABHQ/qq5hKC4B72xv6WN888xjWXXvVRyzz/YsfmIRmTxogTYGsy6jaZN9dp3Jxd/6DNdfciFTp3VRyg2SSMVItsSwimIJJZwSDstZoaMwKvuXOeIikWjy+Zvaz3wFFN+SIssq3Glnx06jmo8LonHikT0JhHahkktQGG3ELp9oVYu3yuA1gf/YHWlom44/FO7afh5uLEm2WMbx+XBFEIcymyiVCsSNCMGaQka8k59//XP8/Zqf8NmPHcimTRaWcKHma6G1fTrLV6xFNYe47rLP8JtvfYLaxqeo9q+VY45RgnoYX6yxLnk12RMr4nJ6k6zzgPCBLJEIoJfzL/D4xMtHEab4V/ZW9SbTfxafrexF4lqelVPYTNhnUrEMdTw94uKC5jj4hMqKZKgo1BWfa+I3TaiOYY89SotvOV98/w58+5zDCSjSn1ojKL18+KRduOR7H2L/nQUS2UUAABAASURBVBvx13L0rurFL8GX3rEM6cIISsjFtS0KmRKu48MINZNzItA1Ratms1+RLv6798DAUsYE/rtYSBDG/hItE7TkxO0Zq4UEG3EdNb941Dbie2Jjotga4xo7qA6PsOLRu+lKFTjr/Xvz59+cRUcEQqrNSN8K9t0lyoVfO4GD92mQNivYtOEJOfAfRasVCYhCNLwgj6x30BaX1KygPROIk0HlVp8B4QNUYY9nvutMoUvZ1nl7WG6dmL0CViJ7z5bWF6FWw6+4qN4vKuRMyhbXpSqnY3SP4+n1KyTKOUyjf4QPHrsjR+7bSVQv0tEEZ33sOErpJUR8JTYNDlDMVGhunyguTgCROBE8hbCcw5UGRwgFwoSCMQq2jynb7wa6LxKPN85/FpH/0ZdUStyGSuWYnh12paZGsUVJ+VOdOJZLrZhFXujs7GR0ZJi16/vombIdjz65kFJ+AKe6gTkTIpxw0HTCzhjjGhS++aVTaYqZbFi7FH9Aw8qZhBIJErEApux9y16fopz9ho5tbjb4jgic6N/6Cjj154serqJIlOpF2VtHhrp1oPFSWEjoE4+k7vMKXbFkz2aIO6LLh2uVMbQamlXBMMGyfGQk0tY4b08u+dPdqLFOspl+KKzha2e+i02LbuGTp++FYm1CV2pULIur/vZ34tvNxw1GQY1Ivrg9eZ9stULokSg+3SabG6ZWdWlumwBG0FeoFr4hw/9P38Wq9VU0IzBu0gwUJYhZ8hyQAoi7qKpCGhGUgYF+Uu2NxNpbMKNt3PbAMvKWhiMBptZohVOOmsfExiLHHTiL7oYQMT1MR+cOXHvzIsTrINw5QbaCCjUnJxxRRRZOXF0NV9Ox63s/6tfzeENyFIFnbleQc5953+oSj0xbHVJ1hMQb9VJFSKfUXQ55kQzvW5J/3boshOOIELqokqq2ho2fkj9MZNpsVq6qctMj6yDZwaBE53raNQ7fbzpzt2vAF7aIJFpYuSHLz664n513P5DC2BhBxyLmD6IEYoyNjoq8BciIBnak55bmBh68958Q8GHXavuKEr68tbW16V8I/e+8pVKtx1cr1TNpbGBkYABb3MOYTxWF5YoSc3BFACMNrRiGH5QqpVqeSbImohW588GVqKEWcvk0rU0qqXiGdx6/G6ZVwPXHeLrP4sJL/krD3L1wUl2MmQo11YchQThE+ZoSJFO8vQVbrs2sXH8Kq2zhk2dSV1FUyd1Sd+tK6zhvXShtxkZRVTkIcurujO5pO0WRdxfXttFUFVXTEKefmhFAjSeoVk1URcNRApiaj6pPR2tqJbTbAZz6zd/Sp/dQDLdSU7LCCAEJvLjknTJmoJPzv/tHJk6eQXG0BkMDJCtjsnfZQNCw0IJ+yiKUtoyJXyMzsh7rkbuIBvXfJpORT/p03wkDA3JqztvqehOQ1X4uZ4+/l2MDl2Kuf+lVv6I4+DTxYBHNHSMe0lHRxO2syZq5FLID5MbWkpdjld33OIAvfe0P3Pt4FivUhJEMsNfBM/E3FKlFfWSNGN//9Y1kqnFa5+7JsozFGKI0Y+MxKxqIZ+loDrVaDt2n4YonI0KGK1sRQ45GVGEVs1IU1CyZp0M46Hccy4zKx1Z5b7VCiOuWNBE0T5Op3kMIW5OzP01SxFNVBEDDkvM7q2qKqyIyqahyFKZg+H34dYNyqcqMBbtT1FN84OMXkjFbydWihJOymGojQ1mdd77v09x+10Y2PL2Ux27/E+uu/w3B3BDjG5LUCiUJOJbQ/AYoCo5naSsFsCpjkWDoovRo7idy0B5qaWk7FtR+/keuxlTLh0E5NhSMTBNzp1OzdiASoNi3hkJmg5CqiBcR9RlBqeanUqgxsbMVO93L41f8gIX33CwWD04+9VL+ft9asrUkSrgDPTqODaMuF3z/t/zxhnuYtfsBWEYINxAGdCxHl+2BD0XWXanaqKJsVeEDRXIUHFTXwfEEUvI8Be3xik/T5awyb5lVM8tWeqlbKV74fcZAqZBDqOqRHE8gC/k8mqg51zKRjR8ekRVFAdGAiurDUoQfqKJrLsFqjdLGfhLiCc2fsx19a00OOvDrfPCjv+GqPw9zzfVDHH7kJTz4aI2YBPTOed8eXPfjjzJhQhhLQuKV4RJ+N4KiadjFDL5EjFQiSWUsLTi5Edf2VPJm6g0O9t1oGMbV4XD085tz/n8/R8ZGf9LZ2dqVyw2vqs+0NLKJ9KjlZDMEfZIjXGU6GmURPqfkMKFrIuk1G8guX8jPL/o03/3kMUydJEEc0W0f//Q1nHrm7/jpb9bx3o/8jkOO+Da/uWIhXe0TaW9polIaEc/fBKWEa2bwi1fpdxSMikHMjqLbqgifFNcFz6VariAmEY83NEc8KYmoOukxM6iq69hKL3UrxQufz3jEp2goot0UUWuGghyHZeXbrhO57npIXlQsnqHoqD4/ri7TsctodhVXrGamfz13/vkK9OIg2f40CVHMTzw1zEU/vQHv55OlEmjS5JtfPZmvfPKdzBMB7Fv2GE3hMGHdT00WNBaLgGFgV10ssaxxn3Qi7pDrSOjuOcQzzeo5xWLxi8/Jek2vqVTLzq+pwRuqbJyRSDTPfT1d6Grga7I2P+ztfcFP3hRlzMwVES9R3EQTUwTFL/tBNRKnf2MvUUWDpU8Sr/VzzL5T+cG3zuTggydQ9OIs/vEsXWtzw21r8fRro5DczvbSt+wh+p9+Cl+tQEQ1USpZcEw8haxZKgY+VBE+VXHFFrryblMq5qWOjbeuilhH3ZPGajm35rEdetlKL3UrxQu/5v97uVRwFRFARJupXlouS/StIo7JZoLrIo9+sYK6CKotYWsLybBrwgiiDRULjQpnnngwl3/royz657c5/3PH0pyAwZE80WhcNCx84ZM7c8JhU3HyaylnBzH0cN3N2TSwnrnbT8N2LQwRPE+jV8dMaRMWkqmOreumvDzvDgYDj3d1jd/zeZn/5qOhoeUoMNLZTOaOf1P1TSvWFPWdmczY46KCLn6tnVqOdWowGP35i9vpa7wfa1fKCqlkm8f+VMU1jMbCsrfWaY8K4SXIRWmMEKNM73E487SDiQg5p8yYIscWT+Az4OD9Elz7q1NZ+Pef8d3PvAdz5WKCxQIppYZ3VliTiKqlatgiXKYIpCu8ocnaa8IDODblQh7FttAUBU84K8UiSlODWMHzHLbSS31r8Xr9vau1/KOVSqVXV9Q6URUhtieMhXxWCCx5rvQtGrBQLVKWKJxVq0g9B1UXsVUVNH+IZgnM/PAbP8FXKRI3Rjj+sBl894LTaAhCOT+IyCuH7rOdHGsMoThF8qJFC4UCeiiCP6Dz9KollGpVOZ8yMVQISGDGlAVGN/RSLtvFC67m5vbPbNy47ksvyH6FT/V7o6OjZzJjcovt2D9qaGg45hUqv0lFsZTt2jPB0qKJxG2KImc7r7Lnjo6OKVLVyGaHVkv6/FsEwhFahYMRCmIRFb+OaEOximUyI4OUMhniU6bJlsEQK2mTHVjB5DaDA3ZroS2pMrD2aX703Q9w0Xc/LuQIMLhhEUsfe1DQtGRtXBRZa1QbS8RbTjdECMUzkS9XhE/1FLQIoCLvNVk/j1c8p0gV4XQlqBaPRO59PrJb15ew1taF0BZsBhfdNqTi9Gqqim3bOJYNIpDVXB5D00QQXUwhetnzf3yy3qYlwiQLpvsouTo1xU+yeRKUfNz34Ao0isRiY+y5U5jf/OwkCbqs5APvmMnMrk4KI1lUcUFXDmwCCYGLp0NTcxKfz8CRIxBCPmp2FlcpYMT8iIpVRMnzwmv9+lUPgLKAV3Elk8kjhLOmCZftx9KltdbW9t9lMvnDX0XTN1QlHlfmKSrrvU7ymdG/RCLxvfxG+Hve97+Dvr6By+RwXoIyL1HTcFvCHQ0onmazauh+RyqVqVazzJw2kZBfpaGtg9/d9AAlrYmWWIqkWeBDx+yLnlvK+45sY/+d4gxuelSU6hiqGuLSn11DauJsnFCCnChWU3YAiqGLGIrFE4Gsqg4uNnWr58pw4poiWwgk9dxRVQRXLH7J59fukNKt9la3Wsw8xGyzTxFCKkLUOiDoFisSMFHwCOzKeZH4Onigi7CqaCACWJbIWUF4wI420rBgf771sz+ghpsY6OtH1/LMm9PExHEuc6dLVK5WIuhP0SdRuVvveoz2rhZqQ2tYdu/tBKs59IqFTxXBk6W3JOCjeJEHxRZDa4h/xYuuZDJ1uq4bF72o4AUZtYp1gs8IfH5L9sDAhqW2XXtPLCbcuSXzLUiz2ezPdU2/dEvX+fzYA1Wz/PEt3y+XxuPxeYah7zw2ptz6knVsa5xmaFiyJppPIyjKjFIOvxwjDK18nCfv/CstIT//vG8pI3kdw0hSyI7hZ4Sg0sdXP/NuSTM0JBMo/iQPrhnk6aEijVPm4kQSiJMJvoCAjitbBAcbR1MwFeEJQcgQixf0vBTxihDlrCgKspfBLmUyASe/TKpstffmGWyl6LU3xH85PLjJwVXFdRSNV7NR5ThC9VwOIbjtVJFNIsi7peiyLAYKGqpoy5ocGg+L0Ew87DAWjtT4/a1PE4ptz/BwTdybIkfJPnCneSnZyKfRg20s6TX47ZUrKCxfy/rbL6f8j99j9K6kpeaiZmxi8TZ00chjhRwYrriuw+28xJVOj1xtWc6R7dH2xpcofjarWs7P9/vVvmcz5CUajZ6ay+Wuk9e35Bbre5Kq6uFQyH/t8wdw7hEhm/j8vOd/5bLFh3XFOEl21MXnlzzz5ahaJBLB1jUcw0c1V6Up1kBK3PxIZi2seYRFN1+LnYdf//YGRitBtHgDs3bs5NBDZ0sgJSPKTsM2G9mYj3PMuRfT+o5TKCbaGC6DZftlIB3Hlg/dQXVVFFsVoQxSteW7VKCwUQy8RHZc8ZocTafi1FADzj833HtTWhpvtbfMYqvFTbRY/h5Z0pGA3xB3xie87+IUypSG08QCQWT7h+oAjoqtaFiqLh+bb1dVKeh++tUw4w48iY9+4Uou+8MTBKLTkebEG5tpHd8DRoK//O1+TvrAhRKsgdPfuRN/v+K7zJnRgT2wBopZKvkcFVlcR/BQvQBDYwuULdlXbR7rhc+Wlpmzhktjj70w/7nfhuF7ym/bHmc9m53P539jGP7tfb7Al57NfJNeUpHUzGym+HO/P/BxsYbPZ0qFPX0+X/Rlh1J93xIf/PFyrfAC4d3cItgxqZNUEi0coYyPYrFGtVDFTmfQ8yOsfvhv/PCzp3DJ1z7GhHY/v7niHr7zkz+Qd8XrUKP4ok3U3BSu0c3y9Srv/Oi3UadvT+fuB1MwQrK2BlIooIFn+RTkckThOqDIhyNKUqLk1fUbQY6mOlpaqVar5LJp16eYN7OVX+rWjF//YzeUdMu8Y0A0nOGCjoKBSnpgENVyiOgiiJZPBNEQ10P3ZBFH1sRzQ7zaphJCbZhC1/wjOPj9X+Lc797IOz74A+56uMA/n6zywLIqf7jjKb7wzb/iD8CIxGhAAAAQAElEQVTxR8zl/C98gIZgnvmTWxne8DSTZnRB1ML1VxjIDZM1ZYBOkT83tf/L0W5wcFFRCwS+AsaGl6uD4rveCURECzy/RjwenVGr1T7T0ND2nueXvP6viAhgvlL+UyAY+lW5XLjmRT25elmY9iVx1SOx89HUc1xqL7vXLVeyp+AFv3omi0C1Eo60kfDFGNfYIC6oBk8/wo4zAxx76BQu/M7Zsl+Hy/+wgjM/81uWrY2xdH0Df7u7wGe/fjPvPONS1JbdmbnXiawZs7AJyPrq6LYulk8HR0B4wFVr4iCZ6K6JT84DzaJYSNm2qCKkVqVGUFdw8rmBeCB524vmu5VlqFsZPi9CJ+B3r/OrdtWnufgkNK27gnKpQjEtbqTlorqyyLIPfLahYomoWtT3BSK4lmWTyxe58593UXVgtew1Pnfu7znmHT/h+FN+xkg1ylAeORiGz519CpmhRdTyawli4gpjPfrQPQQDGlZNFlm0bripnYbuKWBpqWh0WsOz477gpVLM/CaeTH4d9LEXFNU/xapck8kX5tY/nvMYGRnpTyZbZ6bHRi/T1cA3n1P0ul5TsaaDC4XcE6Zl/rlUypz54k6Scb8vOCZu8FiKVOx55ar+batU+gBmJfS8/Bd+lKuHMGUKaQUKoqQMPUxAPJG1S5awauFTyMKR8JUYG3iSvXadzGc/dRia1B0eUbjiqvv58Gnf49QzL+aa6x+Q7UKVp1eslCY6jfFnyKs49TVVcOrr6q2th4IXDfWJADaGwmxaJS6v6iOs+8gNDxOSQA614kOD9/9pyKu7NYO6NSPn4ZZsNG+qjg2sdCplME0sOSvEdCgMDaPKXtCRBfICNN6C6LI511wbTQRIoSoBnBL28Bqe+tvlfPEjB/Pz75zKp888jD12DRIWy2dKwLVGhHgTHLz/bKK+HIlgGas0QldbM+JysmDyTJKihY2ySyrcgOqLYsSS4FN00ygf7eH4cpBND/28o6nldEMsYmdz93EvrOfY9vhJkyb5X5ifTvdvcNxa3HacWaBLyPaFNV7dt8/nv3Asl75W9oL7gvWZl2oV8bmfaEo0neOVjTGW81IBUTeGqSn67gFfeA/5NgVe8m5vbxcBNXbQusYR6mhnJJMlMzqCxGZojkRpj7VDSa1HrsNqleymJRx1wHzsKpz1kTP42y33kCnAlG74xKmz+fMvTuU3X/sgmUX3kTBLeGvqKDaWLg3UoijdqlhFG0WUseaoWJkchsQJSGclTyERkn2p7A/7li0ZbW1IXcXb4FK3dhxX3XJLNR7x3+pTXdm0V4iHQ4QDASzZ2GU2DcqibJ6B4nqpPJ4RSu8L0ZyJZATcIhvXPcFBe8/kQyfuz2U/OY9b/vpNdt9J3KBbr2eXHbrYYeY4GqIalVyOhmSKNWvWiNAZpBc/TKowhDY2gC2HxkPCZGEJtTO+R+pmvr55nJd/9g33XdPe2L7TwFD/T3X8S6LRxqlbak+aMOM7q1at/c6W7xekIva1I1RVlUirno9EkiKQL6jxMp8JuUC9wnHcM4NBY1o6PfyS52TBYENHpVY9rXdozXVeV5FIS3PYn/yOglGLBAKn2nZl10olKybGK31pGMuYn0A3Al0zZ1ExdEJNEYIBB3d0LeamVTTIGpC1xHPJkwxHhaaKuI9ZJrTAuhWPY5VNvnPeidzx129zxnsPYsHsduZvN57V/7ydQTlftFUHR3NwRRBdxamvtyICqDo+NHFN/bItWb94CYFIHB8q+XSG8Z0i+NnRNQF/+oaXxnrrylW3LnReGpuejqbLRwf60jG/gWbbcvCbhVJZIqWWaMrNbRxFdL3Mxjvjs9FxFYOqGqS/6tK9y1784hd/pFguoFTkkD69ArO4kN/84tPMnxZhp5kthO0MlcFBzIKBWQvx+FNPYJb6efJnX2Lx775JG2MkfFXS5SxKQ4qYWEgCyeZY54RDN2Pw8s/1I+s3WZjNTc0t38rn84+Bv9zeNeWjq1Y9MSzWZlpLS8tOL9facWrfisWip5WKxYfj8fgEqSezlOcr3IVC8VpFUfa3rFqqXC4/LwL73GbVcu7GXebtcPCk1kkz/Ub84kIhs7FsVkTdmdF8Jf/r59Z9qXexsPEK1rnqzCkkJk1i49gQjpVjfMol+9TtrLvxVzz+l8tJCcaZwSzFEqiybwtoJu87aW9WL/sHf7nmQ3JeOxktJ4JkZwkmE5xy9mdg+3mUUw2UDWmsyOgCrqyrjV/2iUE5CgxIX4a4nSpOIY8pnTvlKtFQAO/HAbGG2E3r7rqrwtvgkhlu/Vgu/NvVS8qFkdUhQ6Gal4VSFAxdozi4Cb/tYsi+QDin7o5ojir7B5mTC46iocQasVMdMHESX/3x5WTLCuGgnxkTGqhmV/KR9x5IZ9KmJe5t/l0a22bT21dm44YcgyvX8rOLzmVSqEB51UJ8tRL+kJ9NslecsNdeKHPnqrmR/LNnbjLqK96bhjZcAdVIS7J5x6FN/fuBUXRx9xkcHP7zKzXM5dJX6YZ+Ui5bWi71HIGXvRVFe0j2wXu5rt0mlcoCL3NrH5CxZ93/+IP3rhvsP88fMe5vaUl0OU7Zc01fFfNmq/oZROLhGfseylBVxR9Noci5YHrNYzSW1vHtT57MnpPj4i7CHbc/SLRpImVxHRWlhOEf4aSTdmLaJIVSfiVWNUdAoqS3PrKaJ5YM0bn3YUKpJLaigpwLqjJr3VZRHAMcv1hBVdZdFK94Lk65hCJblaDPwJG1KaSH040NkZt4m1zq2wRP2lri56xZuXjUL26J7liEDB2yWfIDfQRrFhFZoEAVQiKEfvmmUsGv6xRl0ZSmKUw56EP8/q6NXHbjYtK1BJVCkaagSVuyxn57TmO6bEqqNZWRIYWLfngFotC5TizlCTtP4OQ9Z7HptluJqwa6aGY7FmClVaB1t52FfHpXONbxA3l51fdgeuNiyyrIHtEMx+KhJuGqzn/XuFYr/VlX1U+DLrN86dq6bnzfMIx50l/qpWs8N3fq78KRQLuN2WC5pRNy6ZErBwcHh55b45Xem5omTHZq6tdCux5KrXUWNb0VXY0RdEwYWoOy4Qn27A7ww3M/xMlHz+CiXy3ivifWSzzLR7RRY99Depi3S1yEbIhCpYAa7WFRn847zvoxjYeehtE5FyeYktioQkAO4PViBb3iEFACRHxBwiKceq3CaH8vhm2iiRDmBjbh01zbNktXrrnvr4/yNrnUtwmebLz/r3fXCqNLI4aKF5bOjgq/yPlQLTOGWsoTRBFnRRV3yEYX4QsaumjXGvGGFjb2ZlDH7cCkY87iMz+5mb/e30e+lMQxY9RqPmw3hBFtR4t0csmv/sK9D47wwXfMZscJSWpDT/HO/XYQA1bB6R+hQdPEDbKp+IQZJk1m0jvfRdEfOivQPPEUXseVkUua2QL/9jadquwP3d+FArEvvbByKpXqVBT1wFqtsouUFQT+zb20VigUhqWSSI08X9utDqczDzB5ipqavQMrR4q4hDBHC8yUM7pND/+T3ac2MbdLpzE4zMkn7kcoDmd8+scsX5PBdhLovgRy5AtGG7H2BTy+UWXf954PE/aga8cjWNtXJD9UwK1R3+v5DAPE3fH2hZru4No5CplNWEP9WKUiUb9BU0OMtU89MdLWnPzda5vOf7e2+t8d/rWN3tHS8KP+javyramYCIWsji2Q7qeUG0RRqmgBKGtSJAumipDYNYexviESE2ewruonPGd/9jn9O3zwC1dz1uf/yHV/2sDjKwzWpJu49vbV3PrIRn5y7YN4pubDJxxIzNpIIpAl6itBOoPTO8AU0cLNIjIBNcK6sQqR7bZDnTVTqeRLl0bbZuzx2mb0emrbHzEt87ienh6Z7b/a5/PFy03TvFpy3noLEGgaYfyEhs79D6Da0ECiuwsket2i6Zgb+iCTYf8FMzHcTRIqWcmM2RGapErvKFxz7UKekF3xquWNrFzRzk13OJz11dvZ/T3fo2HBsez13nPoK6okkt1oWgzX1EENYgZ8VIIKlr+Ko2YplTdRGlmDFvIR1LW6YjYc08Yu/fPpf/z+IaHD2+ZW3zaYCqJ9j974x0pm+OFqIU0k6CPg9yObPGqDY9iFLLrm4uqyUCggEbQ6eAvk0yVyp5FRFXzNXex99Inc/fBGvvO9Gzjlg5dwzEnf4uwvXMs/HlzC/gftRjQCTfEg8YiB4lYJ6C7Tultoo8rj1/wSe/mTtAjDNTZ3MOIP0Sr7Q+bMC+bTudtSHTOPF1TfyrsW9Acu3LCu75dbBmlsbNvBNO1dwPnGlry3KFWJ9JTwxZNzT34v8VlziLS3kU8PkyJHceUjlFY8BevX0ipR7FoxjWumKeQ2se/eu2FWYOLE+Xzgw9/jAx/8IR8+9dt8+pM/56Zb7iHRMYGknL/2i9vpSyWpySF8RIIsmqIhAVBxW1U0Ua4+FexiTqzuIIg3ZBfzRIUXzFKB/mWLN06a0HnhWzT3t6xbmdJb1vdb0vH49tS3Nq5algn5dXxyMByq+NE2lSSyOYJaraJpCo5lyeI7GKom+0KH0dH1tLQY8p7h8Qf/TMQ/xJc+tz8fPHUGX/n6kczeLgRCid/+9i4mT51ENK7i1BTG+rOkCwpV0yWil7nzqu8TWHUXG//4EwIDa2SvYmHLIaPTOYmGPfeDnXYPjFWda4l0XcpbeOWK6asd3BOaaBJ1gfePUf1RIqgffAuHlKOHSdvjaysRSwVnfOxs+rQwvVWHdDZDSq9gDEk0ecUdrLz1D3RJ4CsgUczRwTKxQIpGOV/tTjRxyjH7sGblMjzd2SC74N32buArn9uV9xw1k8P3nc6aVQ/hj5jkzGEMSbO5fnw+malZA4lyhwkQrIiiHcii9ueg6NIcS4Ksd350uKoa/HXVPdc//lbS4a3oW1jvrej2retzzSM33VEr5e9Ky4FwTLRt1B9Aq1YkUjpEJT2Kz3YkcoacKVr4VAVkUxEwHDJjAxL13MDwk48zefpUTjzleN510hHstfMULvnuZ7jh95/klHeMJz3yFN3jQphuhXCykeaOiaAH2LQxw7Q2+O1XP8xBMxoYW3QvmljkkeEsNV+Stnk7M3H//YnuKgYplToNPZX2JVtmvVWUCAaD52aMwiXt7T0nOq6bkgjq1W/JWImeBA3jPlcqFO8N7L6Hf/ZpH2E4EEFr68ZU/DT6/NC7kqW/+SrfP/MIPnLEzlRGqyxdvozWiZMZSufFEuZYtehh5k5I8cT9d/P1807gV784i+9c+DHec9L+fPLMD/CO449kVCzomrWr0AxVrF+NVLvs233yrjqyjjZ6zURNF7AH0mjZKmHXj12uUpXz29rgppXj21p+/JbQ4C3uVH2L+39Luu/saP6WOTI0ZIqAuXEbO1TDkX1hqb8fvVQhoCgori1j2xiKTVn2c9WCRWf3HKYf9UF+8KOreXj5IEYwQkswx6TIELOb0nzmA7uwYKbNXns1sXboSayQw3C2zIMPsfBKlAAAEABJREFUPYZ0yw8uPJtdJvn55Il7MHjHNWiZIVq0KMVRm7VjecyuTqK7L6D1yIPQ581N1Cz1CX+8+7pEonsfQeZNvcvl/PdM0zxpcGDgJ9Lx5wTe1DsW60zFUz3vpJTtJRj4prLvHqFJRx9Kvq2ZUqqBoZxFU7iRoARUqwvvZr/tExw8TeOLHzqYHabB0r5VrCtmMJpT6BGFBXPbyPY/yNW//Dj77pRkznSX4sjjDA3Kmom1PO9bMo1YG+N75ojbqlAqiGIVC1cUS2iGFTBknYtZGBIrOZZDsxUMw4+u+RjbNFCINTVctvqBa1e9qUT4D3Wm/ofGeVOH6X3wLw9pPuO2Sj6N6nMxAtK9HN5bw2MihFUiqoqqWFjU5KSiQqyxhWhjJ4NZk/iU7YjN35cjP/wV1uUCKGoYsyCL6qaJB7MccdBM9t5rGg2dSSqKgT/axpVX3sA+e/iY2hMjN7KUHWc00tSsofUvJzo2SJecXyaDfkYKJWpN7WjT5zDj6OOYdOzxelXTj81UnTvRWtYQG/dxep4fUBHMX/etq9pKx7ESkYj/7tfdyQsahpMTZmN0XJIrK+uzRfv3vh32DE999wfZ4aST2Sjx52FLF0sVoUECIrpEJxP5UXL33s45Jx+CkVsNhaf51DmncPWfexkoOmRLNgGhTUe7nzM/egydzY649nmG1y4jGk0QbJzGWV//BY+tyTB9v6PZlDNR9TB+CYDVyhVs15HxNFGmCrZEQc1MBqVWkW8kCq6imCakR1fFo4FrXzCVt82n+rbB9AWItkX8Z2WffPKxkKKLpcvTkGxFKduMPvywMEKGWNjAC2f7g3IMIYyTr5jkfQZrXZeG3Q8ktuPx7HjQp1k+0kzVPwEt2kTeLBAMOUya2IGiBakpEW7420OsfBr2320B8ZBFWUnji1T48mnHs/HOaxhXWsPQvX8iNtZHZzhGwU4wGOhgpLWb8nbbM/lTn2KHz54LLRPGUzN+RMGXx0jcEWhp3/8FU3rNnwGfcaWGZRcKhcWvufFzGrS0dI/H3/x9gm2DxUJtEZHUR7Td9o10fOSTtL/zfQx1T+dpO0TRaMSgmRY1SnjwadTVD1BYeh/drXF2mzOHqA9Mcz0TJyWo2vDVr14qkcsGJJwp++5xKP4MhdImHPEu/fp4HH07PvGtG/ndzauYdMzpuOPFCorCLEowrZIvEPeHUAtVYrZBVBSAImtYrZTkwL9EvphGV20GFj421Dlu3Nkb7/t9/3Om9LZ6fdsKYe8D1461dDSdt2bhwlpDOE5AIqI+2xLLaDC4bKnsF0SDmmIL5eBeTirA70eRPWQlFKQcbSQ4fWc6DjqFXU/4Alfe3ssjK6tiLeeQLYQpVWOkmuaw4ukc37/oGllw6GxtISeC1tHVINawl2ZhOH1giH/84qvkbv8NS6/7FfkVi2gJR1HVCKNWkEq8i2JrD/n2Hnb41LnM+dinCW23QGfKjP0qiv82gokCodj5wjGKwGu+k9HkPbqiPfGaGz7TINo8cVcJF68fTFcW0tB4NuMnN88/4xPse/7X2e6dJ5FcsDtj0ZQEp0zK+IgHwgQyI5QW3U97egVP//lSltx6NUfuuT3p/rXUajlRYiaRqJ9kHB56qMY/7lrD8pV53FAXaqyLaMdczPBk7nqqxns/8yuuum8D23/wM8Rn7sigrVLT/fjDEcR8khkeISBuZwKN/Po+8k8/TSmXxXVMQgGd3PCA6Ivw9WEt99gzU3pbJm9bIfSoPfjwH280ysU/1IZGqGYzBDUXp28dcdkPrn9iIc2BoCyf5GEjp7soioLrKDiBAMEJE2jd4xB2/9A3Of2L13HSR6/gs+ffwQ9+9gQf+9TV7HfgORx33Hf50GmfxNGgb3gTbR1N9K1YQVJR2WO7HQiUYUGzzX3Xf4+WzHLsJffSbWWI5/MEsgZ2PkrRTLBWDi83RpJkJkxk/DFHMf/DpzH1fR9TlF32D5No/hL+2BjR5u96c3otoIWDQ6bie837oGSycw5Gy5p8rnofk6aNix33zuiUD57KnNPPIDN5Eo9WaiwSS7RscICSvEeSjaRsDa13PdMYoO/qb/COCTo/O+t4xvstAtVNtLcE8Plt8pUCY2mBQTjzjE/ywFOyxz7mV5z++T/xlZ88wns+fS1zjzyfo865ikeKXUw/5gO43RNYtqkfxdBxbZPS0DCoKq09PUT9BhsWLUIfGYNsESQIFxMhbY1EKa1ZuaYx7F604r6/5l8L3ba2uurWhtBrxaelIXpaft3qVQHNEl1t0dDcTL5/E64smjUySkhxMbxZuiZWtUxZNvsVVbRoMEzGH6YSSjF+5/3oG3S54S/L+Oedj7N6+SaG+hEBhptvvp73f3BfVq5ZRrGUo1siq6oIs2VVUAXZ8z/9Tua0FLn43Pcw9NCNrL37RrrUKuOjISLid9lyflxzDbJGiGE9zNMll/W2n1yihTlHHM/EE04mufcBCYnAnkMwmQ/HkifzKi/TVB3bUbVXWb1eTVUbfpQuKg/SPWn8tA+cSvcJJxJdsKsElSaLGx1HojBUE80osRSNYv1jYnHIjqCPpWmzy9wllv+Dx27P+/eeyv7TG+lKQCKiMSpnhTVRfl6bvr5eDtlnhijGMX535Y2yN4flS1dx7dV38OjjixkcFVTsCN3z9yQ2awf6FBE+8WbQdAKyF4w2NoNQN5fO4IpCU8X65detIyXK068aKLUK65csynS0N35n3QM3LJfKr/reGit6fLQ14vWqcep94NpyW2Pws71PL8n6NFm6qkUUnbjtMixWy8mMEkTcF7+GhEwxazYlEYoMBiNmiUJ+HV2pIn+//hs8dueXuPGKT3LzlR/nqfu/xMXfO5jmZJaR4cWMm9DAWnG5sqOjYkkNnlyzlHFTxBLu1i7l97Hfjo28Y79pjC27D19mNdm19+BklokgFglpKpWhDLbtIxTuFperiUE9QjrRiH/abBac+F4mnngK+qz5kWLN+W24oenzvIorEIj4FEXtfhVViaeaD0BNFZ1468cnnvTe4JwPfxBr7kzG2lopJJsoBwWnjE21qoEWQjy++r9gELBzKJl+OnQHa+MKGF3HqUfvSHrjY0zoSXHU0XtQEWVTU4LkKg5Vy+bxR+5lh2lJFj94FV/70r7cf/s53Hj5J3ny1i/z4PXfFM/hG3z60+9mxZKHWJ0bw2lsFUegQ6yuLfSJCZ1ccFzUYpGhp5cTcU18jo0rgZqmQJiqKNcglZv7Hv7Tpa9m7lt7nbe9EHoE3rT41ut9untpbngIs1gm5g/hSohbyeXJrV+PnssQE/fGr+ugaqKZVRwjhCpBm1VyrLGydyNVKRLZRKNIMlSF0mqO2HcaXz/3/Zx4zO7CBIX6fsQSAS+aBvc8+Dh77TcHRakQII8z9jSnHrUHxcceZPSRv7H211+h/+7LSeXXMrMlIq6aQq1WIyYMb4pFdISZhkTbr8ybPDSQpdA2ka79D6P9iHeoxZJzAZr/j97cXgkcpzbNdZ1xr1THK9MbE3tnC5U/BbbfIbTdqR/FnTKDTKqNEZl/MRAjW4OaCF5Dx3h0OfzWbJueeJjmahr36Yexlt/Ng7+7iA33/pmvfORAxjeZJOMVisV+dth5Ry69bLmoOT+aHqMkbuykzhS7zm7h1xd9ivccM5+Ef4SUkaY6uobC8Hra21NkS1my5Ty+VAMZS2FoNIfuj1CUQExp1Xo6BY9AuYxWzFMZG6l7M/nMKKXRQQq9ax8NWIVP8//k+n8hhN5a1Jbd+blcX+/CYDBIJpOVjbufkKrhDI9QE0Ezh0dRxUqiaSKIPgzFL4ueYOruRzEcnsR+J35B3MQmnHAXqj+BInsP8psIlXpZ0JPkxP32YaIcPxgkMHytXHfNIlQnSVBtIulLoRQy7Dd/Gkfs2M2aG27gkq+ewqHteZZedSEb7rqWzqRKJKazYcNqyt55VyhApWbKqcUUas3jKUsEclPTBOJ7H07Hez8CwcRxBKI38QrXQG//bgY0NrH5lzMvVTXe2nG8lbVuYeLM8DxxPd0p06l1jqcYEuYvarhi+RTRPmNDo4yOjAh5TKKKMP/GJdQevpVNV17A1w+fTsPgI9hrVnHEnt3oSh+jpbWU1IKgGccIwL13P0Fzop0mf4RdZ01k/tQkrZE8sWCN8lCvjGMTT3biS3bzncuu5ee/vIpJ+x9CrmxiS9RTC0bR9BB5OdwPJlJES1VGHnwETY59qvkMhk8hmYhQy48ti8d9XxhZcV8//08u9f/JPOrTSDVGTk4P9aZVOcTPZMYIGDrBmos1kKawsR83k0eOFUUAQRMBsEwVz1nd5/1n4t95fxYceibXPrSR1WmfRPGmoxoxEqlGsFwwdSK+VkLRCVx+xW2I4hamNVFIkJeD64jPR214A8ftM58Z0mTfKWF+dM472LdbJfvQX6ksfoAet8LUhMqc7hRhsQQBVadcMilVFXI1DTPRRq8eITJnAeNPORX8oUPVROrLvMxlm6W9BDGj6q+2vVSVSEtLc3Ykf3njDnsHdnrXB8lEm1klDN+bzjKaKYGNWHGHUK1MiwRVWrUKqZxYrfQmSo/fxdDtV3HXFV/nhLkpTj90PuP8MD6p46PI+PEdqBI0WbFmI6UaXPzzf1CsRMgVRC2oUVxNlf13jfxQmobWydjJ8SzLaLz/Kxfzo9/cyYJPfR1/1wxsSyNs+An6/OSzOaLiHbSKVC+76x4CvgBOqUoiEiOkqxKV7q+oVu7n2cW33/ZS83275qlvV8R7evYO+DpmfZ3nXGOP3LBEtcbemx3r2xCO+nAch6gvQnWkTG0wS0JExlcpE1EdKJXw+XQqgSBPjuaZfvQHaD7qvZz65V/xiUtv529LioyonaRrYuUCPSTat+epNSU+99VfUnSaOP6EY7nuL/ezYVD6ViOULEuYMU1bR4C99mhgYneEOMNccu672cEnCuGRezBv/TMrL/0W/X/8JZ3ZYdrkCMUv7nNLJI5SrGHnqlSNBH16DGX6DgQOPFbmEPhqItF2LC++dJvK9GjEp4QjxjtfXAyF0cIaOqeFtj/iJCoiCGvEja4GouiJFKoEUcKKRcgs0umr0F5cT+umpQz96Q/Elz4mAng1f7n4s0yJpumKFZk/voldZ+qkBFfVO4QfLBA0kjz2xHKMKLz71I9z9Hu+xGNPuxhNC8hHxmM3T4XGOawuJ/nujU8x633f4KZenT2++CPWqJ30lkP4jTC1sTFcq0pAtWnUFLKrV4NESMOKjiWWMCJrlO5bX3YKg5fmFt3yw+fOtWHyvOla0/RDn5v3dnt/2wrhoGKcYQVaj2qet8dBzyV6adFtN6hm+uKx4f68Va1RzlXqguiOZBla8TQpDdLrV9PRnCQj1jIni680trLRChOZvT/zz/oOt6+zOekzP+aE087nq9/5Fd/7yeUc885PcsoHLuX3167mxz+8jpZGP8ccsYC//OkaUg0JookIiYY4BTlEbrta/xkAABAASURBVIgHMUtp9MoQPeECX3j/gWQev42cuHeHjNPozi1jxW9+QOPQKsapRQqrFjFJs5kSCRKT/Ziu6BI0gul7HoAyfhaZsvNT72dkz51nNNlysBIIulosxKb06GeeW+a9q+HGswk1hGcccATDepC1I2misQQh18IojNFkWCRrGZplXzd097U8cennWRAexnj6Ph6+/Af88Kx3ML9DIcEY/aueYJf58ygXLHKbxggm2/G7QZY8upjljz/Jpz/6Yb55/o8ZHKhyyod+wQ57fJZzvvI1PvGVb/OhT3yTfU/4Jl/+zT+I7Xocs0/6NGMNU7CbJpJ1dDTVIKQq+CUS5KuWWPvoA1ijA3R2dpKVLcSE8ZMZ3iDubCF9r7nsrrN5wZUp+T9hO5GzJ+54VNcLit42n+rbBtMXIFouOic3jZs9a2hd7tMvKMJZ9s9vU0r/Mp8es8OhGEVxvUKqD0eEcFDOnGZ0tsgxxCIaWxIYET8VYYSSniDta6XUMpOpB78ftXUe9y+0ufG2fooVl3ecvD8XX3Ii3/vq3nzm9Fk89o+raQhsIGWMMir7p+GhDdTErWtMNNPd3sPYwCZiAcgMLmXPBe28+9gdyPUu5Yun7sOPzz6CE+dEeeT7n8RefBf7tAWJr36U0NIHmZjdREKCD5TKZCs2s/c9GPzRBnz6gc+dZ75S+YQbSwZn7ndglXDYDbT27P3ccsf0fTU2bzeiM+eSl31yMhEk5eRpLfQTHVhOm5Klyxll9e9+gHv31Vz1zZM5cUGIndtqjPc77DU7SkeihGblaJRg0lC6SFn2jmXCVHIOQX+C9YtXsO+0KTzylyt57+GzOOfUA7nip8fwnW/ty7ieFvo2jXDPg6OkzTC7v+c8ph71cTbFJrPOiRJobcYf8VERmoXFI9HyYxTWr4LcELmVT0mAJ01TPE5+cIjyxg1L41r+3bzgCnbs/A7X1/juUOvEXUqW8ZEXFL9tPt+WQtg067APhiZMn6NIcKFt9h47Ribv/8UXUtxaeOsna6NDlw/1rSchQZDS0AA9kyZSXb+WdU8+QcKvo7oOSCgcEUJXDVFTY2wq+1AbxpN3Enz121/jjxIF/8gZH+bgQ3dnxwXjOerQHfjwew7gmis/yykn7k4sXEFxyjS1tOI4Ae7552Msemo1Le1dZHJpWtqiOJUBzvzQUaQ0GJ8osn2LxTdOP5Cvf/QQllzzPVb97Vc8+vPzefLn5/HwLy/AXfxPtktoNOgOqeYmjMlTtFwxd8aWOaY6OjrB2HXOAUdknfYJfnqmxSqG/p0t5dMm7bw3ejg6e7sFDAz00hC0SYm7ueIP32f9ny5h6Oof8uSVF/PIVT9hor2Rv//08+zaYbFTh8uRC8Zxxknb0dlUo1rZQFmOcWzDR1lc+0eWmkSbOvGFkwwPDdHaGGKnua38RtzW8z/7To46aCr77jqRPXeayqfPOo0LL/gmF138QzqmzaMSamL5SImRmkPRMNgk64JdISRHRwHVJbNmLfbIJgKqSaw5gVPOUU4PMbx88YamZPj0wUX3D22Zn5dGOxY0lKv6V5s7J4V6ps8JDxbKh3TuskvQK3u7gfp2Q9jDd3hD/9ktXR1asVpFCSZiBBNnRCfM390rey4kfJwTUsr/kBi3MFUMK5ehMZGktHAJvprF2PqNxDQ/Vr6EX/URj8Yp5KsMDmWwxwqs6+0l2hCkoc1PMJLFtNYSCI6i+0ewnH7aOoPsuNMc2qdOYzTtUpNo6XXXLebmWzYxWLQhFmd4dFgsZI6uhMGRe/po0IrotfWkops44/0LuPAzxzN4/w3sOSPAQ3/6Hmft3U7p7l/z0KXniuW+h+aAzcRJ3WDXdgI0AcbGRi8n1hJMzNw1rnTPJzBrFyQ6tMO0XXY/3Ct33eq30TXGNyQZL27npjuu5olvnMr+URG4L72Tb7xrN1rWPkHTwHKu+fHnaAwO0uzPEbSGRBBW8p7j9ySaNMlYY2gNDVQDYf5w0zUifHDTbXeIzgrS1JFit72mMm83IX98DaXSQwTVteSGnpL5jVEbGWTmxB4K5TRFO8dQdoMEa/K0jm8iGdPAKhL3KfgVWPPYE9jDQ7gb+6RtTWgjslTNU0339ybDnDG86C/3ePN6LuQd36c6Zs6fZopAF80aoVh8RqnaePpz6/yH3t/wMOob7uE/3EHjnAOPCApXrt+wAT3oA8OH44+05qvaN1+ISubJP2fI952Z2bj07kp2kIJoVkXO6iKtHQw99ATFvgGUfF4ipWU0pUZe9koYEG9rY+rhx/Dra2/mfZ/+Gov7C2xMmzh6lPUbhVkclVAggCNylmidwOioLTIxhz/86T4J2ByOnFdz+eU3SBonFG4iFW9gdKCP7tYGChlhNDVPPFSkNLSIdx8wnXfv08a40CgLpvq44GP78+eLTudDe7bx2O9/wqq7b2SccCLxmDFhwfbbJ6Z0HU04su+kY0+mHO9gdd5l6i77QdcElj+18KcfP++8WCwZ3nHKpHaKG57knsu/SeXJ6/ndDz7ELz9zLHMSYxw8PUKoP8eym39NeyhLW9LBcKtUsxlmTO2mVs1JZLOE6o9QqEZZumyI6/60it336GIsq/PE0kHG8g6WL4Cp25TdAolkCCTYEwglcY0UOTvBpy+4lNO//gOc1m5C7R0YsTDp9ChpWbuk7qMmx0c5UXQUChiWK300imCGGdmwkczGtU+L8vxkevnNN75wXZNT9jnU39B5pk/cZD0UYFj6VP1+31hf/7teWPft8K2+HZB8Lo5F2/3krHnzIsjiV80CQ4URJm03B6WhZWd1woLznlvXey8su21xZ8w8fWTDygfjsQCu6YqbU0QX95OhHEMLFxIUl8usDVF1R2memGKYKqW2bqa9+1MscSey4yFf5oqbNrFhqJ140x5o+kTsXEy0eDtVrZtH17p85HOX8q0f3crqjcN86QtnsGpxlhWPj4lbFRTBM4nGmukYP6H+G9SR9CCWWcEpjpK0hvn8h46gs8Fk+cIbKeYeYrvJFb562u7c/OMzWH/bH3nwD1fJ5jJDLl+9K5PO/IlZ2+GfMJMNZfA3tbIpW2TmAUdDpK2zXFGyi1cvIzfwFLf/9oece9RE7v/FWRwwTSepb2B0eBGl4gouvmAvnLEn8Ff6MHSX/sEcerSF2+5/jGBTM4FYKzUzAcUOLr7wej7yvkMZP257vvzNGzjqpJ/wxHqXrNrFqNkMwSlsGgqK4I5npDaeP92f4V2f+S0/+ONiJp/4WSJ7HMOKssFYWcfQEiQirYKLeCbDRXIr1iAbQxQXdC0gNLEoD2bXx3Tl6+UVd17rreFzIdGzdyJd4CeN46eENoiXoYUNQgk/DU0p1HhiXMd2Bx3G2+xS3074jt/jxDm2Ep6zYtV6WttbqMmeIpqIs1I0a+fkWboTavhoZOqu+75wTusfv2NZZ1PwPZtWPb2oLPu0hnCEgOUQrJqQzTG86El8lSIdqTjDvRvqxw0jcoLmn7oDHfucxGFf/QVfv/JR5h1+Hu8650f8/NoHueG2J7jhxvs5/fRzOe/8XzCS62e7HRuluxVcesnFtKcSrHpqOZs2DBAQixIMxVmzboS7HlhFY/vcerCnpSElDCgjKVl22nEa4zqTONVhtEov9uhiDtmhhZt//WUmRotEfC4j6zaGlak7ste7TmVM8VMUV2zNwCCxtg5GtCD0TOGXF11EOT9KZtMwP/zyUXz2/fvQpg8SrA1i2AXa25LkJPiz586TSAZzBP1V0gNDNLZMY+XGMnc9DEWx9NlClWg4wT9vvZ3d5s3h7ltuZsXCe9hvr2nssccEvvTlyzj5lK9z1VW38fvrH+KeJ/J887J72PsDF/L+C64j3b4b8z/yNcqdc8iH2wilOkTQxPpl8jTofvLiehZWrJTBZA1kLKViYuazZPp7xxKG/Z3csr/99oXr6H1nXOV7TbO26y7J+oViUcYyaQKhIGO5PDPnzGvuG0h/xqv3doK3lRAODeU/29A0IWUEkoj3glUrY6EQiqWQYzYSzeOaCjXlqsD47btfuAi9j/9tVQjnyOKypxYHxfXU3RIBpYqvnAdxiSpr+7D7x4hbfvSKKv3q9JZt0g3dLDVa2PNzP2LmRz7LhsQMPvGTmzn9q3fywJPLOOmY/fnnX77EdVedxcUXHcslF5/C3279HCefMI8d5raRahThUBXG5HR/9ZosP7qkj/sfMdEDneLe+sTlc0h2Ncq+bworl62jIdSEX48S1qCWX8OUzgw/ufDdaOUyux18DHsf/VFWpAOYQT9uQBHr2s2asSzq5OlMPf54Dvvkx9H8cMFnD+SofaaCtQnEXayVLQwlhmkGKZRMgiEolEcQeUMNevRr5Ls/upaxElRsRdzGNFVRLJO6TfbdJc5lP/kgP7voffz0e4fzy5+8g79edRo/+tp7SAYa+Mp5d3LyOdfzp+UQ2us0Zp12Ic2HvZfVWoJBSxV8ghhVG/F6adc1Bp56nOGnHoVqAV+pSkqO//01k+z6NSvs8uCpo0tuvPiF6+d9h2cd/PnEuInvt1xNlYnJyjtEQhE29Y8SSDQwUqyoaji248Qdj9/Vq/92AZnM2wPV5ln7tRQr5g62YxCNNDCWzhKToIGuaYwNDeOoKoYcR7ROmdFQsbiAl7gyy25en+pIHrL+qceXxA1NggBV/K5Ne9c4imvWk123iZAoZs108It2tYXR+2SDNxBM8NBwDX3yTgQm7ITT0M4fbvkFn/zMVzji4P0oj60j3buIuDEiXvJGnNJqJo0PMnvBJGKNCaqagRaNM23OznRP6eCMs37E02uyEk31U6nUGBvop6t7IitWSVs3KZgnCEZjKEoRH70smJvic2cfyX133kRGtE1EIpQEAuRKefokhB+IJSiiE4gmuf8usVzbtbPfTuNpjNUwyGGJlU8km9F9KR56bDmTps5mnRwHROSstGbrhOJdXPDty/nbHYMcecLOrOkv0tk9h0Akzvx5U5g6OUpzvIZm9go+G9Bq66VvV/a1GscddxxXXf9Djj/93YyEWnGnLqA0fhZPFi3crvFU/QEUWZuEPyQCV2Hdww9iSaS6JRYhjEsIm6hPozoyuDyglL9Ze/of1/ESV2TWPsdq4dgnHFVXNEOnIu68dEtZlJNfNIqm+zCCERJNrcH+sZETX6KLrTbrbSOENto7QtFUu+06VKpVcZWiBAwftWIWTbXRRcNmKxUIJnRf8/gj1e4dz3kpqo8tuqU3FuOY9Q898GhxdEwYLUy/MEVDWydZCQhsWLgIn2OSjBliqaS/qEo1oOFraCVd9TEw5ggzt2BbYfxGgpGREcJ6kGZfE4pESIPSJC5MZRg1MvkBBgXXqrii7z/7E9x4z53sd/j+vPuDx3PFFX9h2VODhPQEdtkllkxy2VUL+fuD6xjO+BiTs0nLcMTd2oRZ3sR7T9wHXR1l08bHsasjEjypEkk04g9HwdWxRwoooxnSjz3IaScvc5YmAAAQAElEQVQcwsS2AENrHkezSsRFmGyCrOlN843v/w0tFKW9vZOhtb1UamF+cNHVEg2dyMfOOofRbIyPfeJH3HH/espqs7imBqaiyBgWPtm4+Wyo5aryHcC7gkmNUJsoxs4w4mfSb2UY023KPoVsIYPt91GpVISmNmq+IF5GjarQuTw8RFgMWmMyyPqH/7GxVuj7VmXl3y/3+nwhxMfNThayla8Z/nBzKpEU5SW4+HQ0aW/bNk1NTXXLXSiWiDWkKJv20TNmnOB7YT9b67e6tSL2QrzG8pWT27q6I2GxKKZpYsmeIJ8toIrATOjppFoto+gGjhYi1T4x4tj+L3ftdNi7XtiP95178vanx7X2HFh6evn9w2vWEZF25dERgiI85DMMr15FZWiQysgYlKuoonJLorXLviCTd92LQM80DjvlY3zr139hXTFOXznJcLmBkt1GMNwjQ6SoWUECwSY0PcKZZ36FRx+qkEvn+MmPLueWG/5IZ2sz69euE4vUS0os21oRkFgDfOJzf+GWu5bR0D6TbFmjUyxkPjdKPFjlPcftwtiaR0k5aRqcPLFymmQtRzQ3xAS/CErvavy6w67zJqIqeVKyxy1XNdJ5nQ39Dh/75C8YyiCudkQsiEuzRIkXPbWYluYUq5Y9xCUXfY9lT9zF6BB8/COX8chDizAJYwSbqRDHUpvJVlKM1RopmA2ktQ5+9/cnOeK0T/OL315HcPwMQh0TKCoGajiJHkmQ1APoQsOV995H35KluMUCqcYUUbGQAc1h1aP3LPQ1+s+2V9/9kgIoxKRkJC5KtI2f0drew5jsGwvFnASLI0JbhcbmRoZGBGFVxy8WUfXGC4UTI1r2BK/t2wHesBAm2yeMa+6evctbOdlxuxx6uOaPTjLE3XBUYTZNRVMNwh7RXTA9ayP7w4iYuHy1Rq7mMmOfw2N9Off7zTN3n8tLXBueuiqdbG080ciXlk+IJFFyY/hreVpFM7vDgwzf9RC+gQL+jIkurlUgGqQU0XhYIps9Rx7N3FPP4aI7lrPjyd/mXV+9id8+WOSx0UbuW62wajTOE8urXPSDa/jhN37BWe85gmX3nMudf/gMvYu+zY8uOJnT3n8QO+8yk8k770DGlDkFWthjv3dxwJH78ONf3MRx7z6XjAj4mvV5fEYYxxzjuAN3oLb8fuyVD9CeXkXH8DJmlfuYUeqncWAZ9D7JOw6dRSxco+xUsMMJ7MA4Hlpc4PB3XkLzuOkccNgehBPjCcREccm4EyY2cdjBU/nlj9/Hhg0X8+BNX2Dtg5/n5qvezaZVyzj3Mz/gL7c8wcp+P8PuFHqZxqPDzZz6/b8x49BvcPoFN5FrO5Qp7/06iVmHMlJJoJhxErUgzQUdZ3kf7upNkClCeoymZBzDUBgWGm/q3zAUTvg/VVtyx3UvsUT1rFDP3ucFY50nRps7WSdBKH80ij8cYmBggIoItGVZInwBVFGUNVHMo4Ui7RMmR4Zy+Q/UO3gLH4nOuce+Gd2rb7STYCDJ0Gjm+xgdy+Iz9/llYrv9j2qcvkfbG+33ue1HM9VTJk6b1TCSyVCxariKQz6bRXWFeTWVQqFAR1u7BGpqOJJnKbq4juL+xJvahsZKv3huX899Ty+9cUOr4u636N6/36GbJUIGDG5YT9LnQxdtXly1gSYRaEMsmD2WplQqEe7oYnXNwZwwlxnvO5uWYz/KQNsufOriWzjww9/g0A9+n92P+CZf/voV7LXXPnz7619g2rgUbnYVDbEC+eHHmTYhIIqjj0TKz+D69ZiWwtMrNvCNr/2eNSuXc8ThB7L/Xvty7dV/pCRRP+83qZrg1xwU7HM1nvztz7nve+fxyPe+yu1f/AT/uPib/ONH57P03puZNaGZQm4AF5PB0VGuu/EWHl+ymM987h044jXcdcc9fOuC74AqAuqGCAR1Gpt0cXHXUlx3l0RQV1IYfoSuJosPfeAEvvqlj7F6dT/HnHQRM3b7BNsd9gmOO+sirhHB3unjX2G3sy5m8sGnkw5OYGNWEwsLWtWCgRECQrP8iqfxZbIEazVSYpn9qstQ7wacUuGpINY5xSf+dofM6iXvcPduJ+uxls83d0/RSyZyBAJV2yHV1EgkEsJ1XUbECqoigLoui+dq+MX1rqAiLsnstnkHzudNvBpm7zItMm2vjytdu91CYM5S0Ss7vhndC7Yv6OY1fvaveWxDuLXlErrGpxLdMz9QMVqvGXESixm3362x6Qd9acKCQ3eYutuR7a+x22er9+xyxLRitrybP5KiWLPRxGV0ZTPv9xuEQiGqIhCOq1IQ19SumhLRy9DS1sqmwX66Z8wiNHHmjrTPu52XuTau+Gs/OzceXMoN/bZ/zdNWc3MrVtkkrhlEKlUyixdTk1B6h2vQ5AaQLRYVLcaaqkpvvJnkgYdSmrsTO515AUd95kdUki0ceuLO/OCnn2XHBd3UyqvR3H7inRojm55AUYdRkzal6lhdUJrlnM81Xc4+/RKmdcKciQYdsTFmdBjss8NU4kYZa3QDbqVAazTCFz/yLs454yOc/v73c8YH38tZp72Xb33mo5zzubM54wMn09PRSktjAwFVQ+SL9o4gO+7YLu5bP7OmuCKkcP/tI1x95V9EANvrxydpYeRAULZQmo1i1Gif1EDQnyUr+DbEHE559wl87Rtn0Dixk52OOZVDz/0RO3z4XHISqFpixehXUtixFqKyr/VrJim1LPvjjax5+E7ZA47g5EYIqhaqWWbT6qdr7mD/LQ2K++HcI3/93cssi+j0mXOL6D8INrX5MiLU6WKFtq4evLUui3vrl2OmcCyK3+/HL7EBn+ajasoYvhBDI2ni7V2NOds96eX6/3f5u+xyQnDC/ifE2xYc9aHAzP0vYfIeS0ZHq/9M9Ey40J9K7kNAGyO98PP/rp9XU/6GhdAbpLjq0SuEu56qOqoSbe7yJbqnpXwtPQcZjePOXzNS+/OKvsxdjNvtNnr2+HJ83iH7xuccON5r92ogU3EOUBvbQn0SRIk1pbAUG1e1hXl08W5G8QfDuGK1ajWrrhlb2tvYuHE9zT3drF63nkhjG4nxM7f39ez2uZcd79prbdPp/bDftX4xuGRJVRcXx/B+DlMroZYLhGsVVv/9H3gbqoCpkow2Y/nD5AMJ1pTBap3MRiXJslKAWvtUJu51OL72KQzXDBxfA0a4hWJamLN5ApYWpW/NIG0d09G1BKuf3sAff38lv7n0JP509Vf4xpfey0nH7sSu83vYfde5NDfEUCXwo4Vbue7Wh7jwJ7/nez/7HZf+9np+fs0tXPTrq/ncV7/D9379e37w62v5yvevoqxEKBQhKlZh3712ZsbUZvbZYzwfO+0gfn7Rp7n5Lx8Gtco111+HaatiNJopmn6C8S56B8sMDpSEzjGMaDt5N4oV7aR13l7UBH933AxWWQFWlBX6kfkmm6kGfGSzaexCFqMwytCKhYyueIJ4CAzVFEWUIaQ5WJkRav3r7m0JBz47+Nh1D73ceiQnzI+bRvyi1MSpTVWfT/afJtFkinQ6S7Vcw7QcTNsiL+5oNBJh09p16KJ0PB4YHcuR6ujG1UNKMVs6/OXGeGF+5y4Hpbr3PG77xnlHnhycfvhPHtiY+ceaZYVFpr/9F77GiR9JTJwzo2v3fZsHM7mg7lerya6m376wj9f7rb7ehi9s15pq/PzAmqfLllnFlAimLxHFSCRITZjc0TR55uTmGfMOaJqy/VeV+Pi/V0PtD+hz37mSaYc/zuQ9vxiYdeAH4nOO3q9pu8Mn9+y9d4DnXLYR/li8sT2BLEZVCG/aVVwsFBFETVMIh8OosgAlsVpV2Q9m0mnam5vAMkXTBxnqHxFmam4INPZ8PTnjsFOf0/XzX5curVUX/e2j/lr5rPTSpzbVJOARjPvJldI4st+kXGLowYdwpT9raEz2Pa5EHVP4SZJJu+SUABlhejom8eUv/pAFJ57LhVcu4t7lYcac+aRrs8k7s+RMbicSjXvx0CM5rr76HlSCvOPYQ0VQYkSDw7jWemHcYRRnFKs8hq2EqBitrC+38umL72Tyse9j17O+xowPf5me936W7jO/zZyv/oo9Pn8x+5z9HZYPwh0Lh0RJdODYUQqjBRJ+CKt5qK7HMdfQ2lbl0KPns/2u0+Wg/Wbuf3QD+Voz/ZkkrVMPIdCyFwO1GTw13MFv/jnGoZ+8mAPf9wkGROA2is+eCxvYoTDoGkqoRrHUS7Ovija8nsLSJzB71whtTbL5MZmvJvtPH5vWrRrO9667mHX/3G/wqZufkgove6cL7m+DHRP2yspKl7DxRQNYtSoJiQT7dQOfHEdoArYC3hFFqrGJSqVGKBjB5w9SkTNJRw/QPGVu97jd3/lsgKZTrFv3/IPaWnY5anbDvGOOjcw9+uP6zMPv8G1/zBMjdmLFcC34aNnX+LtAY88ZHTMW7NSzw57jikRJdEymjJ/BkQyJaJDy6MBN6adu+/nLTuA1Fqivsf7LVh945PpHIkH9CkWERBXiNDa3MJjO4xhhTD1KTQ1T04K4gTi+WFNLtKlzcqpjwvbNE+Z8qWokL81b/uuGM8696xaXHlfG73aLNmWPq7TZB17rizZM0QJhHOnTdi2xdjaKWENwQHFIjw6Tz+dJpmSfEI3LXqtGIZslrCgSFneYPG1q/WBfjzVpWS34FWPyPjvxClf16dt/lojpZ4xtWDkwNrKJ9rYmHKtKSywimj0kgvgApbXr6fRHcEXrFkZz6L4Apt9HKRKh58CjmHvu90jteiKXPTTGAWf8gNa9zmavM37EjiedL5HE7zBz189x6hlXsPfeB9Pc1EAk7KLaY5jFPtH0I9hmBVcmbBEm6zSgNG7HJ753JVbnDBLzD2StkSLTMYHatO0pTJjOMj3MkyWdoVAPk074MCd8/Af0Vhqpap34fc3Sr4vswQj5XNn31lCsYfEk8kwY38AJxx7D/fcvYt/DLuS4D17A/MM/x7xjz6dr76+w8ynf5hMX38r6yHQmv/8zjD/0BErxRtKOhi1KxxUpsMVT8IS8Iu7/8OIltAWiNMqap0IxYnI2WBYLObZuzZDfLFxqr7nrY69A+s1FjTv/VGubsPeEGXNINTSSiIXIjQ7S0pTEEd4KhUL19R4aGsKu2aguddBQNreXp6toIr4almL4+0aKF0RmHHJldNqBf+zd2Pv4+oL96GDevrNiRK8k2vjDVPfk/eLtPduFGtoajVhS1SMxEH6raX5K0rcbCDAwmgXVIB6LMbxh49Nt0cBXZJg37VbftJ6ko8LCG04bW754oV8Ry5AuEJKgjeWGMB0/NUsVANupoSqmzMlC9UueGvAl2yYY0ZaueKi1u7llzoLpoaZxB7dOmHViU+ek441QBAwN13VxHatOalXG8m7FsQmHAuiqItqvRFaEr6O1jWQwSP/KldjpMWv14oWoWBTsGk3jx7ebpnKFPmm/Xbz2LweZxbf+KeDWdrYG++4ZMyWdWQAAEABJREFUk4hcTaxgUfY1iljHzrYGqmvXsPbW2zAGh2iM66ghGztoURNchvQE633tlKbvS+MJH2faly9m3KfOI7v7Sfj2/zBP0cUmmcBVN1xIOOagaAV8Wo2AYRPwafiVMLiiTGimyDgy6jROPPtibvnHk8w46l0MBVLk4g2YzQ2sz/cz6qYxI6AJwz6dMUnM2I+evU9k5yM/z1/u78fxjRdGnkQw2AEVDco2IVUjrNSoZvtpTgX58Ac/xL6H78LDa2EktTcN+32aWaedz8yPfp+pHzgP/85HMZqaRi40TubYJcGRKJWyglLTsIZzjCx6mvTS9cTdGGOrR3HFM2DMQsuamGs3PhHG+Vxpye1f5t9drTv/lM6ed7ZPnh7r39hHSc5gc/0bmCV70dGhjWTyI/Wzx2g8SlOyiUQohu7KnOpc4dR7VxRlc4qGrfhItI6blOqYfFKoqfO4tmlzpjWNm9qeap/QWNODAXwh1ZJAniPCpukqgaAff0ir82bZzJKW8SKxAH5DxYfLyMb+glpzf9b75N1P1wd5kx7qm9TPs93EkuHvjWxYPWrg1LW8rqhomlYHn0zUJ0RSxYLhmjiOQ80UEM3q+AwC8QRGPEn7xGlooSTBaCM1R6nXc11bhAkURamD67r1fEPVJN8l6PfLHigIZlmYrYheKfS7xexPmyKh/UYXP9nf3tFMOBGDpqbJVrlyRWTSPnvxCldl2Z3rUWL7+2u5P/vtcjka0LErBQmubCBhKCRE0Yw89BDldevw5wuEbQerVKZUqVD1RSin2kinelgf6SI3fkeCCw5Bm70XXXseRc9ee5MNNjHoRlBbppH2t4n7lySjdFBNzqQQnc7idIwbFhWYe9Sn+MvjQ+z1xW8TnjWfXlOj5IsyXCoSbmsBYRAx/2Rk7M7pc9koCq/aNZvxR5zM+y/4LZ++5CauuX8T/aU2Kvo0sown7XSSU9uoGF2s2KQIHi3Ep+9Fx57HMeuo09Bm7Uth3A4Ux83D+wWMf+r21BKtcpBfFkvt0NHYSlsoTq1vCJ94A3gwkqE0NExYUQkKU0cc8umVS1bEo8EPFxfe/Gv+3dWx8zd87V3v75w4IVkQpadZpndWe0usVpu7+K47FoV1W2ZexR9QMGsV4mGhca6ALIOsv1LvXRGzqIjC1bxML0dwaezowdSDdQ9MDSQIRJrQxFpHG5vwRWOUxc01TbPejy68ZBgGuq4jMozjWpTyOYK6i13ISIR75F5n7d3f87p+M0F9Mzvz+sotvvkKSoO3j/WvpJLdJK5CQeZTFg0vBFQtDM3Fp2joio4i5GtqasHw64SiIWqqTU6YeFhiv4WqIxpXxRNUV/aCKjYecYXOYGsgbdF0MrIQPp8PzXUIKjaF4X4G1yzf6JZzl5SmaWcP3v3LO6MtsdPWPXrfIzkpS4mgN0+dMbFgatcEu/c6Rjp6+XvptbXsvVcfUx1Zd8GmlYv7wxE/DeIWZUujuJRIJoNUF6/CXbgKv5yFtUjQoM2vEvFVqdbyddwqWhwvuOFGmlmfKzEie5mV/Rl2O+ADHPHJX7LdSd/mlG/dwdev38Bnr1zKIZ/7LdPefT47n34R7//6tXQfdZbsAS8g1zqRR1auo6IEcGsKiigvO1MgZPqJ+BuI+gOsWf80dnOKancPwV0OoP3Yj/CLhXne+b2/MfOUH7P/p67n4z9dzKd+vpgPXngXx593E0d96Vbmnvx9vvP7fxLfYXdWiXJc51bZZGhkQkFWDvaxIZ+mqlTRgzI3u4IyNIAt3oCyfi2lpStoFCaOGNDeGKK50U/v6icyG1Y+fJUYq52yj//5sZcn8DMl0dmXEk2e0DN9ir9UzqJUC6TXr/l7o1Y5Yeihqxd1xMIn9C996p6AW6mWs6M4skdPjwwLB6giPEq9E7fOGBaq8IAqwqOKICqKIgEni4qqE5D9bFG8sd6BIdnDVokl4liORTjgxy8eiFTHkuCeWRGBk3qGGiQWjJIQr8qW7U6pb8OapqD6Td6CS30L+mRid8tnzA1PbyyLC6eKZlLEbUQsmSdQHlgyqKUY2CKIY2MjIoyWMHWNcCSA7vPhqKrIl59ROWdSNdBVB7FDaCJoqq0gBlTaaKian1RzK57L6FRLoq3SFId6N0YN9yulp2/7Btdea8tQ5B+/4caoz/eJkYVPLE1FwyiazvjZ85qtYPwyX+cus706rwSVhXd8vS3mf1dxYMO6gbWraJPzLrtSJCeaPySCx6YRqhv6qfZuorJpE+XBYQzxcZpaO3AdTTRvjL7hMfRUM4HuyUx952nsfu4lWNOOoNhzGI9Vp3DlYocrl9k8bkwmsMfJzPrA+ex45ncIzzuIleUAKzMujXIUosUSoELI86bkxS07xHwxbFumGvIxIns0SxhuLNRGyx7HMuHYj9HzjrMJ7PNelkS348/rg1y3Jsj9lYmsiu9EadrhdB/9MWa9/0yUCVMZUhSGRKiqeoDM0CjBhibcitA2O0JUrIYiUer+J59gYMlC9FyGkIxblP1Ze0MUKz/K8rtuWm8oxXPYcNfp6cfuyL4SXb0ytXu/82lpP651/PjJ2fQYcRGIsQ2r7rSfvnX/wUW3Fb06fQtvXpls8B87um71TRGstCZK2TuzTclRDKqCq4ArQuhqDiq28IrHL15LyImHYCm6CKON6gsSjSfwgnklmRPirbm6ClLuuaU1Eb6ynAuLLHol6NKvVcox1rvaaghpPx9+6ra7eQsuweDN73X13X/ZmOpsOx/LGvLrBobhB30zOEYQU6BmRLD9QQJBv1jLGmMjfVh2GVsOlGuWSU3C0IFAqE4IRQirivupihAqQnFVGNt1xEqi0dc/xq77H8TA+nWMPL3s8bBaO3R44Y3Puj8dOx3S6c0wv/im+1s72t+3cdmKNYaiMSQH/J0zZiVrFeeG6IQFU7w6rwSbHr7pnnihPL/BLl09tHJlTTchFWugLMLoD2g45TxjK5aTXtdHgx4ioYQYWdeLUi2DKSBMMlqSeepJhsPj2JiYSvNBpxHb/YO0HPBxxh3zSTqPOZPoQe+lOHt/NsgebLmSYsgfR23oRAm0MtKXwc4MEYgqFPND5MU9tlyd/qE00cY46AijhWR/rFG04iwZcBhsGE9tu93xH3Ak4UPeQcORH6LzHecQOfhjlLY/muLc3anOnsNYSxNLJMgV7OgWpZEgYMTQBMqrV9OmuEzUDJx168gsW4G/UCRuqNTEYhliMZPJJCsXPVkb2rjqrlhLcH9zzb2/4tVcXfO/xLjOcybsvnfjQP8gFdkDbnj04ftZ+ff9Xti8LtBr7juu1j9wQXl4cFMkGWUgO4atqCiKIoLogYPqWUIRoTqvSH5eXNuCrEHFssXy2RRyeXFny/V6ruJQdbS6d2EJPzrCb2ooiOtXcTRLeimK4s+TMMzboprxsxfi9GZ9q29WRy/sZ2zR335ZHOm/Q6lVcUWonrWArlonnCUL64pg1YoyUcehIZWgJr6+L6CJ0KooYjkV0Xiu7LXkVayfC2I9FU0FAUdxxLjWaIgHuP/mv5Iw3DuS8dAx6WV3LeaZq3H2PvP71vffnph+4J5elhfBFeY5p5pPD4WCPnrFarXP3r47X7BvCE3d4UivzitB75K/jQ09dtNJKV35embdmoyZyxEMGuQLaaoyD0NcTTJ51j+6UM7JVtHm86Hls+jlImG/n5DsQZRIijElyJAvyfKSQq+SZK0V4elakNVulE16I+lQG4V4K5VYI6OWy5i46IVCFXxhDLE4ldwIkcYkLgquJpIn9BgWBo7E4yjCVLWShS+YQJV9W8EI0S/afYPrI51oYSTayPKKztpagFysnXyimQFx1zaJ+o+PH89oehSfTyegQFLTGN/YgrNpkA2PPE726TUY4ppplTJmKYdSLWJYZfqXLRyjnP5lQrGOyC15YBWv5mqbdynxlpPjrR2hQXEtO9tSOPmhB1pamg54tnnL9LOS0/ac/ey3vBRX3/ndINXPFIb7Cz6hgIoj/4HoZnmouKgoioIidTUX4rJ3DPpD8i35aLS0tEgJlGWvh8dfDtjS2BIelFfhzXoxipQhyjPTv64v6XcuWffknzObS978p/rmd/mvHs1V/zh5cM1Ta51ympDPoFaukJTgSEDXMPMZWcQSEV8A1VGwTAVN94kgVlFVC4MKYZ+KLhYv7I9hCBRrDkVxfxxDqKs5mJU0o8sfWhF1M9/MPH7dgemld2zgmSs698jvjhS4sX3GgmmZbPkv4Wn71xdz6Kkb/lwYWn3s8JOPLWtLpFCCMdq2231KqRb9hTFxl1Oeaf6KydBjf/7a+KbY3tlNa24vl7PYso/y5hSwXcJyRhWt1iitWUn/Iw+Skj1URBg16TfQhTkKYoHDyQSmrshcylR8FlZQwQ4FcD2PwTEQDx7HqghDVRBVjC5C4fMp0r6G92dJiMtWkINqpE9L+lElaKQ6LtVcWdxglaA/TKWQAbskrmReUhvF1SQIYVMST0MJuPglehKQoVRhT0ombtXCNm062ptkXdJo5WFCVp5NSxYz+OQycbcHaBSBbvC8F1GedqlCKhxi5JH7Fiac4gdYe+8Zw0vvKrwi4bYUti/4e8e0Be/tmTxvqpWvoFUK9D71yF/zy/65a/9jN5S8ao3zDv1+qHPad3KB5M1M2PNbPdsdnfDyPRh9/K+/C+ZH98utXrownxlhTCyiYfikSMOsgffvBJWyJcEvgU/4KiBbGEPmryiqxBkcEKFT5HgjKm00yyQg0lopZijkxlDtGobML6YbGFWTlKH9bM1jf7tJOn/LbvUt6/mZjse3N321nB5KZ0dkERMJ+r3/70O5LEKpEYuGxcKBLQRyPcIIqMKoGor850qZhSWMXTYt+ocH0ALSJh5EcSqEVGHigU255njo4/nFt54rw7kCRGcdtivt+yzWYm3nNE6a3RpINNA+c2aiWLH/GJy4Z5dXp7z6wfv8Af2YDQ/f/1i5mCcn7lVr14SEWXG+GOuSTZhX6d/A2nt/t9A9Ye7BYbv4Y7WUWVsdG8KwqqJUVKrpNGFRFildY+ixRWRXbZBI4ghRYRBbAknF4RE0cZv0kI4pLnhNpM7GFeaQ5bAU8EDGV1UV0UF17eyqwjySh2h6xJvA0eVLQHHw3CrPM5AMHGE0VwFbdeTdIuDz1ZWcU3RwJaCD7kcRq2zKcEWx3tVqRVzZJsKe1ewdoNDbT4OgURMvYcO991FZv5GQMGR3Rye6azOwQQ7iayWaI4GNfQsf/kt7c3T/zKp//MUb+1WB1vWbzu5J5HPlQE0UkpMdtPJ9q26k78mjtrRv3m7f80aq1sdaJ84wGsdP66Sh7bPryum7YnP+dcY7uvDGh1tCzm5mpu86v+wFsnJOGdAMvECfg47m95HOpTF0B0OUuinbhXKpKEM44r0ExdoHRNE5Qk0Hp1YlHosQMAz8mnCfVSNi6AyseXpR3Iz8QBq9pbeQ+y3tn5V3X3O5bG6v0T+2NsYAABAASURBVN0aucwQsWCQUiFHKtWIK8SyRJhsQcEVa6gKaOJOeeC6fizXQIsEGSwMkmiPovoqwgTLyPetr5bXb7ilOxw5ZujRv94uzet3ZP6RX8orib+Fp+w409Ti2PgoV0vEknEaOrq6ymOle41Je27vVa6u/ceKUGPkSDMzmIlpJrW8F/Ir3aoZyoNe+auC885z0vdccebEiHuKku2/rzy2SRa0hKqBKoKSH8mTknM9c8OYHPIvxtiUZUaqlW6xhK4EOqxiGswqsrkSqbHQRegCgQh+XwiRoLrnYCkapjCGqRoimwau0EQRa6laBqqlobjgiiA6qiP1pCsNKjpUNRVL1esKTpX6irijuAGpL8znBnEIyBQ1tGCIvKc0FJ0ZneOJFWzW3/s4+SeWEzM8hefWFeb6tSuwnRLtbXFGVjy5bHDNks/Re9/R/SvvGpGOXvUdn9F9du9jD4Rb4r7hyvAq2x5cdIG77M4jtnQQ2eHoU4es8GfjnVOMkXwJ79cvXeOm0TV117klO3mH2rPHBVvqeoEba/GNxysja872FdNPjPauZ1jOblW/RrAhQokCZTuN6quK4FmE/A66iig+C1PoqgYlSCfClkglKWQLhINBMkNDNMbDLH/onmXRsP+jS5de++qs+xakXkcqKL2OVq+xSSJofDndt/bhuF8VQRymQyKaOdk7DQ8Pi8Z2cT2XShhGFWbBNHBtH5boKFOBomjdYNhPYWQQRfYhEgrtpZi9OBywj1v/8NV3eqh0zz+2jfG73mUHEue3TpwWccWta25uxAuaFMtViuJW1IxoMLXdTk2mEvxdYNoBe3ntSitu79fM/D6bljy2MDOw9jYGnjozveaxrFf2WmDprVfcW1l82+7NEe0Hw2uWZRUJWJiFPBGRxvLIGIq4RnqxyuDiFay8/yEK69bjL5XojERIBPzoiooi1l61bHwysOfaesc44grIl/ovkHoIXYRgIuR6Pd9VJFFEEr1UdfCKPRAdgCP1zaolQqoTFOEOiXAr4nU4cryhuDqGnDdGRLgbA2E5dE+z6uHHGVr2NKocEWmOS1Wiv+2yfRjrW0ciHmB41eL80MYV1zeG3J1qy++4ipe4/l1W9ql706lxzQc+fe9tq8pj/T+prHnqK1vaJPZ875EFJfLTxIQZAUe2JjmhYSoZpySubzpvkeycEol3Tv+8NvWAO5rn7zpxS7vSirsvqw31vlcpDt9XzQ6QiviwhG9CoaAYfh+qoQotHFTNwXGr5MT7yYo7X6hVQAJLRdnjenvFkd5eJo3rZNXiJwdF/3wzv+L2+7aM8Vam6lvZ+Za+RWMNxcLa+cWxgYGwplCrFFBkkaPRKLYihFCqaB7n2H4cAUs0tq0ZuKK2dEOhLR7DyJfd9MLFT7eF4ieby28/R/ebfq//ngPed9b6mvVQw5Qd94qluurWg2qWgY1LaGkIkEw2MJQ1yVt+lGR7MD5p6tTK2PBvG2btPx25MktvfzLaHNrP2bT4w/L5hu71d/7+k10tyd0rm3r/Tn605soeoy0eIhnUCbquBB6y1FatZlQijIHRHPpohrBjE9FcgsIg2FWqcsRQEdBUsUDhMLoEDHQJTtXlS2TMkzJXUbE0YSxVBYWXv8RCCqGxpS9XVxCdgCHuvmwHCVsQk7NYd/0gat8w6aVPU1u+CqVYwifnZ43RIG2NCdL962mJBJzMU48+kfDzPmvR7ceNrLhPNpq87mts1UM5aut3LW94/BNbOonMO/4rmYp7TcP4SWrJtqmaZZobo4wMbCAqQiWIMyyRzUBLF4nuWfsNl2P3N88//PQt7Wu9DzxlLr1p99qGRZf0LX5oQBG33ym7WKaffBFGRelnSgVMavhDKn5Zk1qtRlXA+3Oo/NgYE3q6KYiytzODt5qr/nnFlr7f6lRW8a0eYnP/ucX/uKmWG/25RJzMqhDTrxt4CtwRJnM9Bq2ntlT2OM2RMgdN9iA+CRasue/+qjM28nP6H56y6Ym/3i2V0INqhNl7Xdmbrf4w3jqxSw8lyOSKGCK4na3NeIGNlEQLh0dGSTQ2E21uI1OukK/WtOR2O44bHc7dHpm0R90i5pc/POr1+WbAxrv+sNhd+bf9G9TqV/IDa9LpTWvQKYqbmibsc+lob8FXKlNYu4G+xxczuuJp3NFR4uKWpwI+dMXEEi1eM0s44g/wjCBpQh/VdVAEeCavntaRVsCVFw8cST2Q1ngg+2iE9aqVHJZEMwMi6CGxALocett9feTksH1ILKCayZJqSBHVkSBNnmJ6kE1rlon3kSkPrlx6WcqX2Dvz+K3XS+9v6t06aY+m8NQDLiyM5s7zxeL+kpy7JhJJUrEExUxOFGkj2VyGoijuUGMcU1HI2wrNPbObq/7kT2MzD7kh0bN3gi3XwJNnJBTzpNH1a/o08YIyQ2OIFiIsUelwJIaiKHUIi4IzZA/oCu8lEgkxAi4locnGxx56rKcp8Kxy2NLtW5n+x4TQm0Ruyd+/Yhcy17U2xNzRwQGioYgIWgDX0XEkaueoYiG1ovjtAnZZtHJRInMLV3a3th9XXXPX6V4fHrTsePB+68YqD6qpzpPaJs0mJyH4sfSwHHOEcCS6tVrOtprbeuSAPIshUcfBgT7iEQNDsRnfMxFfOElq9vwOO9J4o79nl4O8Pt9s6H3o2m9tN6FxR7vaf0s+tz7tC9QoFYfISwCnlkljiiUMFKpUVq2jsmYtVv8mFDnO8Ik06WK1bNHYlVoeS7WxPdBsHEkVEVLFNUVSPPg/9t4DTq7qShP/Xo6Vqzq3OqgVEUEgwCIYASYHE43BNtgeh/F4nMPaM/Ya2zjMOK9zGC/GCRAITBKIJIJQRjl3jtWV46t6+X9e28zu7H9mf8wO2ALr/epWvXp13w3n3nPOd75T1U3aRorHeCxYKrzLgicl/aOyBgbNBse4VJrg3Tq4ZhFMJQ0vNwF7aoic0SCEXBFhn0OS3GSDyLPs2CGEJB9mNZM108PbJKP0Zm/w6fcVBtdW8Eofq1bxWYZb44Vinz7xwgsgCyJUgUd5tgDH8CHxERQLNZorg0hUg0uGKUfGIdXWCkdU4cpJsMney514y2D7SZe/96XhlQ4983Scd07PHNr7fcW1DguuhzDB8YTeApZQllG1KRR3aN850NUQ+QUDLYkw0ju27A8ltA+N7lxfeqmtP8frn1UJgwkprPuRA1s3HmlPxVCgmFAAByYIYMjrMZ4FkTGIMqhDsovgjfxEW4t81tiWO+co4q6u6xVl4Jxvz5btXwtaqjPV1ouJqVm0plqgUzBeowUSiACKRiLgBA0Nh0WMPGCyvRWTQ4eoJwez6WnYjo8mERyp3gHdbJo/EfpP/nYwtle6bF/7q6HKtrWXpkLux4szh3Zydhkya6GT4hydICJTqyHGsHDJW2cPHkLm8CDcYhEh8oohUQZPhAwbeEOQsv2pBArG0bXglSWZBTCVIUWk5sBQneCcI+vOkTIK5D0F04BOkDfKeFDtJrz8LBpTYzBnJqivDNoILsOoolnMYF4qjIQmIrdr07RsFr6FsY2nFvaue/yVlkvQXmjxGSuxP79TaWk9K9zeiaGxCTTIc3FkTDyK4QVOgiQpoCmQHFhCEk2EaGxttG9yxJQXimWo0RTEWDssPpxwxehP1e6zH03NXzkAOvKHn5pC+ukPh0T3K5WpI6MzB3fDJAOogoVG8abIy+BYCT7F4nE9hAMbn6vKCe2fq4PPbKTb/6yPP7sSBvFhojX25tEDuw61RDVSQB/xUISSox4k2jya67iTOzeOV8b3Xje76ffz0jvWZgOJJE6+bEk5ha1cov9jqf6T2lkuDMbh6d4QSrMTiBPGN3Izhxyj+pjvWM+NHh6adlmRiB2gZFjQolHEqYQUmbidKUTp3AaL/jPP7WVjHR+Ln3b5lraTzj816OuVLqOP3n87FrasIAbvK5nDu8bL5IniMQUqjZmhpLDOCBAtH+50DpWDY8ht3InqwVHIhkO5OgY6QXdFEsCQhrlwwVFcLTAAQxbeo0S+Z9n0xgPLc2AoVvRJjhKACCcgSmyzXifLT8Yqu3sfStt3wsxmEJFZgu4u8tVZRFMKxV0sDm1+dqo0vP/H/R3RVdVdT/0TXqVDXLjyi2yk9YXECaceB1kDaH48J4JnRPJ2Hr3yqNTKNBcPpWrRy+XTZYmsDE8Kk5uYREssTEwnyJg2UKqbECNtSPQsZeL9Sy/KGszu5LKLLntp6OmNv7rD3n9vP1sa/nbh0LZC2GvArxuEijSyPR5Coobc9JgFq/xA8/D6X71035/zlf1zdvZSX/ntDx5MxfXPDe7ckreMIgTWgV0rYvrgXiM3NvhdTRJOqx3ZfO9L9VtWXv6p/GxpS6J3YAkfScBhJPJ+8xD89TKPcjz98zoxtOvFQ/Fw6LLMc7+4WLWli8DbtwiM18xOThHMkaFTPDAxNo4mMWHtXR1wHAczs3mUHUBJdYMJt51acKW7ossu+giuv557qe9X7HX1are4bd3nFvZ1XiQ41d8O799WNBt5gke0/uQR/ZqBMCMABMVYSp6Hmx6aI9MwJ9Lgyw1oBDVlj4FvmhQz2mBp5URZgBoOgRc5mo9N1y3w5PUUHxCaFhgiI6qjk6iPT6O4ax+QLyPZ1oGIIMIolaArAiW3Kxg/uMMoZSfWJULCO93hF/5uePPjR/AqHJEFZ/XzC8+5V0r2fp6Pd8FTolDCSWSLVURjSUiSRN6wgY7OFspv+pge2g+Vs37gF8qt9czs/Xa5BJhNZCmWTSXjVF+AoigI/jFQulyB1t6F1qUnKHkHt7ML3vgd/YQLW/40Dd+b2fYJ2S1dN7Jvy+GOmErtNEgBRdTyaRhDR17A9Pa3/6nun/2F/bP3+KcOs9vW3COJ7v8MiR4O795cb+bGH0sqzDmlg09+sj6yeTaoFjn+shgWnP94jYt+WFu4TC9bFsuRF1BlEaV8AeQUENZ17N+8GcnOnk9mXrhrqOWUq+Z7wkwSO373hFUY/y4ooLerNdQrTWjhOFnYKmgvwyRyZNHCpcgX61CS3WgwGqLdi/tKrvJFeV/jjtTJVw4At77i8jm87vcHi1v+8Pb+ntiVxeE9j+bTk44uCUjQZrILJUR8HlrNJsJkCM4Rgs77x+ANz0LI1qAaLjTyFjInwWM5mORFXTJgrOCTZ+AREjiCnB5YgmrGWBr5g8OoHx5FadcBhJUYIlIIJWJCvYYDjVeQHh2HPXpkgx6W3l3beM9F+R3/8R9dCtbjv1LkZav+piwoz4nt/dck+49j8nUXjESKpLSCZ0Mgm0HG1YePJkZG9qJaGLc727Sf1Tfd/REMrjUpo3ODVcr9SzDHCJEqzVoTuVyWPGcNyRYNFaeK6WoetqbCjyaTbKTjo6Yn3BlesuoNL427NLb96cbwM4vTE7u/Nb1rQ4lvFpAbG3xaT+l//1Kdv8Qr+7I6fZUqmYee+vTEoRdJEe1PWYPrL84dWr/tpa7zqiIcAAAQAElEQVSURRdcX67UNvHJeW+y+XBXYDGLuTIi4TA0VUK1VkIsrmNqchTRrs69uYr/NFZer2QGJ9byFi4O2gmz9mxMcn+vw3jMyE+DcZqIhCIU7FcQDscwPDqBeQNLMDOdASPqsGlj9h6/ImLL0ZuKnvB0bMXO9wTtvBpl+NHfP4+RDZd0hdVr88NHnq9Oj6M1JKODYjQrlwFP3rGTFBOURK7ROHP7DqI6PAG2UIVsOZCJNeYcCzAbBONd0Naje+owpqZRHhqFRR7Qm5kFiJ+XZQXNfA5erYJ5FFPJro3y1OQB1KpfwSnt59Q2rLnr1Zhj0Gb8hFVdzKJV99hi9LsnnPWmDiHSghHy7rHOPvhkTCaJJQ7SSBaRLmSLIEs+ZN7ersvsFVO7d137r6hk/2qruuuB95i16i+blC9u1EtI0fqzTAOGkYcakuByDAyysOFUJ+Yfv5wgTvhch9dWc70rfhqM5U/FL+1+/JPxCE7IDG//Edcs3Fbb/zTBhD99+hd4+YsqIc3Xx9i2d5d3rPsxnf/xsfR6UVp06X2It92dPOkNC0NtXRAJtvC0zbrb+2CU6xgbGkRvfyvy+QkkQlqDYqMqds9vaA4iiLSEDUY5HCxes5Rv19zZv88/+cOLW3jjv2meAZ0ID11NwBdUcLKGYr4ESVJQp02vqDrlospg9QjmL1ve5YfiP8XAG38bOumCM/84uFf+eeLpXz7gHlhzdoKzPjq6c9OBXPoI+ntT6OgIo1KaRiosgifixAyg9OAQaoPDaA6PgZnJIETsqlxvwqcclzEyhsLBwzAODwHpWUgEu6Mch762JCTPhMY5CAse0iOHisWxwX/pVqSrsO/hz4Fg8is/K6C3d5XMzj/nU1U/tCHU2n9tsmehPjSZgeUBkdY2YictWI0GUp0dmJ0dh0oYOp8eQnHsgG00jIsLz937mBZunUzuqvwz6Og88dKFwZoae+7/G6Oe/6Hv1NGoZMmoAqJgo0musjXZDqfpo0qox2jYSNDeYSOpLiHR9z70n3cgQiiJmpp7EOE0gYlNH3Smtsx94WPu4l/o6S+thP9m2m2nXHkZ8tPDWlvXVcl5/ahSzohledqQHShXimTUK7Ap5unr60GVaH7YVrlRqyp2s9lD0NFXxFA90tFpejYeDu2xvhSNRHdPbnysEHTC+8bm4sykmZ+azBjVklcpFdCsVwHyKgonoJs2w/TIEFyCeK1dbTh08CAEgq+x/qU3VQ3/D8LSC37dsvyiE4O2Xo0yvvWu72Fq/VKzNP2lA88/OlLKjEITAtjoIiz50BSG4iPacJUy6sOjKFN+0RgcgUsezzg8CuPICLypNAQiaqI8hwjvk/I1UJoZBeo5OJVMhfKWj7Qq/lX2oUffM/z8HYdfjXmAjCihmI+MK+qLcqLjs2pL5zw5nsTsFCkgyZoDg0a1glpmlggYF9nMGDraYpg8uKcGs3Yvz/pHIo59DY2NsT33rly5fsO8U288LvhNIbt1+r10HXbF/gRn1T7NmVWTsU3EQxHYRhPlYoWUMgpRlMlAEzT1WYihOOYffyrifcsWl2v+0/Jxl3yR2mCoHDWPo0YJ9SVv/G66Ub8jcuLSToGCboKiYB0PRi6HYmYaSfIMXBio2GWCM+MoThVybsU9h2e4Dxi1chzLL0nmNsyru6ZlypIA17M6xzbd99uOU65QA2kX8vXP+a43zTr2OaJTfVdl9HD6uJ5uhHkGjGlgevgIenrakaSgfWpiGElSRIM2tA0eA6ecnQi39L+9YEqPCAPnfjuAWEGbr0ap7HnsC0vPnLeYqef+IX1k175mdZbingoppIsoKWKY86FQnMvOzlKsOA5maAbyZAFyqQ6NyKYwS8pHcaJrVdGoZFDNT2QZI39fdxgXVrY/eNnIs3fPfdnh1Rh7+KTL3wa/ts1JpL6j9fQu4ZOpmBqPgyFD2jO/DxGC13a5jKgoore7DfXCLEIK6xcz4xlYQjt2rb0uDPaL5Xz+HBqfb/new2wy0jnr2jfjlPcJifaOUbSc+JMgRixuvPcbVrHwt9nxAoqZBvq7B1DOF+BTmiuky5Ta8BCJxSnPKmKIDICrhCC3dna39Cz8vLDo/Ce6XyUmnMb9n34cFUoY71h2ge04b0t1d8flaBwGUdEiJxOZoNPmkwhiNDBDyX0PPjpJcUB5NIEXfmDvu2sXz7r7vXKxLCOmdq3cJykye7hUzNbkGD4MOqa3P2i0n3zVKUY6c1o8Fr6xuv33Bysbf3NHJB6+Zd9Tj+cqZJE526RN0YJyKYtsbpY8bydAOSRe0CFrcaQLFTCKjo6+gQ5BT/5dYbK6lu8/6wup41YNUBev+GP/6tVWeeejXxtIqme41cwaszSTreSm5jYtaxkICyJikgKdEaDYQBgC4pwINUhZ1EuwimmK/3KuaJeHWjXnwtL2B67Zv+7OzS9roP/ZSuT5Ikuu+BuET3m2YvjfS85ffHykYx7DqBE0wdG65VBvmphJZ+BTLNpJiXbPrCE7PYbOlihkv/lRp170I6r1meTyKzsKe5+4OxGLfVlddGYH4saB7v75ljmb/pDKVU7Mblz9KKuogzjlFCEYZnXP47erYvgdhUwJY5RnDNhVQeCJYTWgaQomJyeh62E0KYXD8jK0eAp1y2M6uvrPK1Ya3+49aVUUR8FxVChhYXrv4zzL/EbieJSyRcDh4FNC3Wq6aBK215Uw4nqSrrEokUKEwjp5OrMcyC87ceAiqLi9ueN345N1mS3mZ07UVebawua1lcXn35wI6hRnpr7euaT/qtlNL23EW1nfNz8X7utIWrXSc7Vidp9lVtxESwwm5dQaDR5GjaHFZMFwCsUxHnjK6XkCh1CyXVp4zsXLUgtOvDXb5PaxPaf/ILH03P/fL8GDfv+rZZDmkN1437URwVrhFDJfLk+P7zYqFciyClENo0byKTeaYCjPJlG6wmqUKaYaHKxOj3xPMnMrcxvvHZh64ZGd/9Vx/Hv3dxx/4WJl4NyPK6KT9+LxX/StOu9srb0rUaC8Xb3pQxQ0CIwMQIIgKlBCYWiRKBzXgmXUqFSeaVanWrPrfvE/FN86i+f5fwynEtvbT77wlPyedQeNQxumsX27PXbk8E/4zp5qJBb7TXTVVVFvbOM3g+voWfn50GlXJ/IvdP1OVuWvsgIL07ZRrVYhiBwYxkcsEkY+mwbtLTiU2qBNA1VVkS8VK5brbBzd+ef9ZgwJ4999sP/u1b/AxfqhDR+b3LXrxYQiQ2ZoAIwH0zEhhzR6dVGnNANLzJciiCD5wmGdk8Mrr49jYss/oov9HHArkwrZ/+BZ9Wcz29Zs6Dvjph6/yVsnnXvTmxctGrgnonBb8acjfMr271rNytKWhF6J6Oz1giSe0zAbP5ui/JOshqgWi2SiFSGKNWqNGlRdRYPyczWCp6ANP5MrYbZsYtFZ54qheYvfW2KVO9F95kZl2QUfiZ96YTc18Io+pjc8NO4cevK/g9FOFaziJ8a2P7uzODnodCVUynW5KM4cwcjBHTPkKn/SnlTe6hx56qPprY/+63xfwcEw6pILLsW8VaunLekxW2/5rNLWrQuxBEoU7ynhGDQthI7WNiLQqnPkSzwWQ5ES7BKtm02Io1QpQVJkyKqyeHayWQIdlRcfG2TgnzIxOcGysvxc+6kXfo0uB7sA8PxfOqV8lGWwyKq4b6HrkBac+bewvXfp0ZZHpdNHv8Xw7DtlWUZIUyAQGeWYDpqU82iQ4unhMESRJ4XUwPk2Ctlp1CbGts1bmvh80NbRUI4aJQyEEdPld00/9/iRhMaAkzxwIRF8VIXJuZBkER4pgd+0SQkZhKMtb6k0uO/j1Jv6kUmx6H/qh9mxkWu9xNJ3AmA8p37yoQ2/rJbMhrJr/e9/atkekTdA+6k3vVER9JvsWsWcnRi+JLP597PVLXfkfZu5RxZUWkQfLsVTufQ0jHoFAu9AEgGz6cKg/J3rMxBpsT2OQWD1vUiLyLf0JuPHr3gDG+v8bqHGvsgvu+A59bhz3oulS+lOvHIH0fSFTau/jeHHl3uZPR8Zfvqu53MvrtvpFg99qzvkXlnecc8HZjbfv/2V6zBo6VY2ufyCK/mlF6zGggsmmlr87viSE6+TOnvmqZ29SdPjCSkwCLe0IUdkVzWfx+z4GC2AieD7unazjDaKrzOH95cY8lRgWPCqClEJt7a1xz4KOlqWn7Myt2nNi2FduXFqaIzj9cRnQidddP9cPH/4sV2A88P0+DCti/V+qg5T6PglQrG85WKFEFI+zCtCh0yKJrMsBN+HzImQKSfKUsqJFSQaH6VkqhnyvlnUZ4aO9M3v/Ozg2rUmjpKDPUrGMTeM4qHndofa4/988NnHChTrQZBYYtun4DIALwoIvuXiWBZEjkfFaEp6quMmlgkPyZHYAXDaLeGW1o9i+89seeCcz0icuCVodPSF++7sfuN1Fw5uuDfIBTGkQz+qlqqJrkTqQ9WdD78Q0N5BPaNhXO15LFLJBOWpGMiCi0ZllqCMC54DAksbwECGYxGJRglahZEt5CCqGqJtHeC1CBjyAvGegaSe6jpLjXf8VPDbM+hYfmfrslUfSS1dSYmroKdXppjDW3+E4oGzUdi93B564ZMTWx7Y9sq0DPT2rpLD/addJg2c/h124IlpLpy8O9HZd114Xm+nGI5pUjSGVEcXXLCIp9rAcQomKT/Z2d2NVCyKeS0JaDwDXeKg8B7pUP2e1vaerumRIxua5A0DROGTMlLE8T7Q4ZvMyMCqa96Q3/LgU7He/lsm0jnf5tUrCz5+iODwhFs5uI8JknKSetp17wFjDYRa2vskTYekqKwoSyCbCNd2wLo+JEGkNZNBzhnZ9AyiEQ0S66B0ZFchGZa/MLLx/rm9ETR9NBT2LzWI/6jf6uENv5Ai8i+nhw5ZjWYdAm1sLRJFiWIhTddJMSUQaYo22gShWAKxZBstRKxfj7Q+VnGaz8VOuf4sn+HswxtXTwV9tKy45GbHcieC88jic2+bTY8vaW2J3jC26Z413adduyLIk+lnXN3SKJffIfICzFoDNbLo5Ow+2NUR+Trto4pBUNigdIbvuwRzmkhnM2BIGXt75qFKDF+jlKHFN8G4btANGLK+aqydiXXOjyw7++IbqlLiu9mG8iw6zxxC91m/FRZd9K7kiVcvnKt8FDylll6vh5ZedDa63vg9tJ0+PFo3Rk2l9f6FJ5/z0c6FJ7bajCJVDAvweYQVDR7l9+qFPHyriUwmR5vdBSdKSM/MIBbSsP/FrRRS2ChOj1l28P8obOue2XXfrEfC0ZutatVlGZ7kJ6DWsOeHll12Rnb/+vT0+Ogn46dfEi5uvu9O+Ny7HUim6XLvTLzhmncSG1qxDOetjCCnG778czGa3MTLWqJer4NhyEL/SYYCaaLPcmgQFC3XDTRJKXlJBOvYyIweNBSN+WVu91O//1P1o+blqFPCQDLmoY2fYpzmQ2ax2OQ9DwJZ33jERQAAEABJREFUTUXTwBPFLcgKERIkYGK8SqQsDcL9HFk+iPpVmty9o2a639LDsYeCdlLLz/8by/VSM5vuOxAmJrM8Of7eSET+HyPP/ubu41e9c3G9aZ0Y1GMhvFWJxCO+48IiJq9eKo74mZH/GeZDXxBZ5t3FiSnDKhcykZCCaDiEYLFZxsfM9CREgkA8fPIJgCRJoCaghxPkGaOQY22YLjWht/WjZfHJesuJp/eH+5fdpHXM/3mJ15/FvAtG0femO9m+s7+iLDjvxsiyC1a0LDu/FQCDV+loWXbJ/PDC8y5By8mf0pdc/nP0nJfJOs3xKtQnYv2LPhxbeFJf/PgVraGOPn6y2ACvp2guCSRbuwhCauB4mVjkKsFNH+0U++m6juAL48loBCzlcF3HQv9A31oR7ltCInuzTzH1zOjh2wLEUW6vjkmC+LMa5XjLlKrQSJZVq/GlYKod7W1319Izd0ZPuiqKg4/e7jTMD0nESOdzxc+pyy9dAU1iTXAer0UBWQ8lkimwLEneZ+DaHmzbhcdyYAUeTdeGR346GQ8jqorIHNzlcUbp3sbBrZ8K+jraCnu0Deil8bSKwt+iUPx9Y2oW9VwRPOH8qXQauXoN0dZWsrwcKQPAeE1aDICVIwi3zFvAquHTPDV8deSMt1ybbfqrSjse+xboqBSrD7QunL+mtOeJj9Fb7Dmw91u8os8pq+X670ukWua8nENxZ19P+1eCOvuxzzVLxWXxWOz3fX3dp8mwfpeZHK2Wp6cQIoWLhyPo7JwH3+NRKjfIAntQKDlMBCsKteZcqdMmqXmAJ6vwBAW+pKBs2pxOzM+8087siS088Qal96R/aIS77ygzySczTmQXFl9zGEuv2oJFFz+FpRd8P3n2jf8dS8//BJac99HQymvfLZ963fnCG244WTj1mlNTb7x2uXzim86Knnb51fKyC94hLDnvA+LxF/036fiL/kk67uKfMosvfpJZfMlWDFx0GF3nzGYKzW2W3rame/k5/6y29byn/biTUtF5PbGeJUtFgppg1BDESBxSJAFBi2FkJoeaw6BqA7wUpviKRYoU0mdEZGbzKBXziOsqCpPj0FkWQ0cOVCtM9YbBh3+8euLJO+7qak0+ElLlgdiU+6UAdUi+852YJNUEOPA8B6ibK6PLL+0Z3PDI3ZZmXVXaeX8pkD323ffzptn8VijZOp8VQ98PJ+c9p6e6uuLt3VBDEQwNDRHs5EjxWXCshCZh26ppw+Z42gsiBB5QOQ+iVXNQLz61tL31I3PtHoVP7FE4prkhBT9hWhiOf6pdFUcYowKBAVraOkjYDgrlCkqlEjxyOwJJ22M8eCIHm4K3SEsHDI/9anm69GNJS9wRNBY/8eKfUuxWpHX/RPB+KeW2Wvt6fhKQMspp169sNqx2gyBMPB6HKDC5kbR1x+TG1Y1g0xjFSlRXlR+PrPnWeHp6ctG89vjn5s1rvcGp14ozo+MYHRoEwzCQRR6RSAQNYlFNIiAq1ToReAwEUYUoacgXSjCItRNVHbFEEqKsIxvMQVTAaBEkewb4cPf8cKRvUWti/uIBtb331Nj848/tWHTq35tS/IvR3uO/qXUt+U5DTP5Lk9GesLnodmhtW7IVbhMX7lpfQ2RNqHPRHXyy/0dctPvrSuuCT7OxnvdF5y0+r23h8hVa14IF8SWntKROWBHVUx1y3eMQKB0vqxAIXVTIaDQIvrFSsKE9FGsGAkgXiSfI4Elzvt7yfBhGEwXyZIH3I50D71lTzUpuy/y29ks8s1ZTZMEVDPsC0NG18nqlUkq/XeSYXLlc/IB++puXVjb/7ohdr/wwEVKhKwJalyxV603rS1Qd2L/f0ohhxsILbie2m4Wv3yao4bwUTrzB4ZWlICM2my0Q/PWwYNHCuVfGZyGTfD3yitQObPKBHMFSyygiP34I0wd3v7i0LfWOPc8/XJzr4yh8OmqVMJDVQWItw27l/OKBnQ8X01N+vVaBTJuGE2TEY0lwHCme58J2LYB3SMcs+HRN0uJQ5p+YCqV618XPvOkbNsucycnyW2d3r6v3nf/2C/YTyzi76d4Hgz44Uft027wFcVFSMTEyglol98mA3Bm45F2p1Krrdbtemuqvx3ed+OaPXGgU87FmM3vP+CM/vHv2kVgyomnX0wbbWyzMQFY4VGsF8KwHjpQyEtZBuwiMD/iuhyQlimOhKCRWhMqrBKw4MBTcus0awsG9pVkwsCBSvksWBbQk4nS/B4viLkVRIMvyHP0vk/KqsRSi1F44mgJUGnq4jWvrWQRWiYEhb+ULOmxGAW1emOSla+QhBFJ+kzyyTGSGoocgqRIK5RKKxSJkUSKPVkQ8EkWtVoNLsS1LGqZRCMDQBOr1KhjWhedbsB0DpmW4peKs1awX0BYPfSFsVS7at/rWR0MC/2VFYKOyILwvkK0oiAPjzz9cFHnp6lg4EktF418LrnMM89XJw3sPcK4DXdUQiiZv1pdfQpMB6rXmpaIiX6GfMfyDRIuWZmU14ZGhEmn8FslL05SgCWQKZbCCBJbnyfBZkJQQIpRWkgURNhnt/paIWx3d+yJGnz99/9ZH0nM3HaVP7FE6rn8d1qEtq0eWLGx5rzk59BRPGzKIEV3yWp7joFwsQ9JU8IoIl2CpZTfACjzFZDEocgi+L8DltY97UjgqRpMtyXPefuPIrn0P8kvO//RcBydcqDEcf5HtMqRABmjXbxdC7tzf0HQafrVFCs1f2r/47qDu1OTY149fsvgrE4/fOd1y9rUn9FyUOaesiA/qjHu5X8xP2eXSdtH3nqjlc05lYgydyQQpmgOvaUDigGo5j2x2Bvl8FgbFSR6ZDEHgoJFHqNaKCBRNkoQ5pQiUo9ZookzetESkEEsbyyINKgYbj+GgKzolnx1UihUkEin4IGNkeeB4CeFwHDx5X0FSoGghqCEdgafjSNEUklXTtijvahKzm4eia9BDEWKgs+jr78dUehZzaIDjUctlkExEYdDYVIEBSLalqTHTM6tjMYX9eGcqvIp3G2UYlbeOrr+9BDo431ktMYzbqNZO7V31TlmQ3HzPG996xvTm+54XOf7zIztfPD9+6pvPKGz+baWro+0r6fERjBw5WLNsd10k2vIxagJasuVRNRwLMxz3Acf1JZYTAYaD63sg6APWs8nQAT4nwOUk4gdMhMNhsAyDci4L16gjSuM9uO6BAz3tiffgNXCwr4Ex4sBza2aW6olLy7u3Pe6Xy/WEosJt2ojEE6gSQ+aQN+RoKzK0QJZlkTWvwGoQ+iCYyupJlot0djY86YVSw/0d29NXDbW2vBDMW1WUTzRMR2k0LLLA5elIPPTPpfX3l1pXXPbRRFV0XdMrN5SZ9CQ7emOlVGhNNyt3tZLi1vKF3zvNxlPHCdJXzVz9iz1t3VdExibPbJ3MXqa73KXdnR3jowf2wamVTNY14TsNMggm2jvJQ4c4VM0CDKdC8YsDjvKf1aqBOvHpTdeHqIUQiichk3JokRhixP6m0zmQsUBv3wACr1qrVBEij6YpMjQyOmatRPIwUCPGMkQGiSc58HCJ5c2THAyYpPT1agkqfWYYNfJmJkSJh2k3YZDXk2gTT2az0CJh1Axqp16m1EMC06NHoDBeTXQNJCT8YaA9dUNPVLsy++j3v88ozM6ukPKeyYN7lgayHLjkEmns2V+PeM3mj0rZfLxp1849RAZrJpv7xyDfN/P8sq9qydRzvuf+SyDDyWd/99tmIX+nJjEX17atvsjyxVDknPf8Q9eC474Ybe3mtUgcrufDAwuGYcARM837pIBUGLrqgodFUNRjGRQKmbm5hgUOstXA9Iubt/f19V0+tu2JHXgNHOxrYIxzQwwgJDIvXFgdPPDQzNCBpkwKxtNikE2ERxQ0Q5BPYFgIHAuG9QjWARpBQo9TUam5gKSLfYuWQI8lk+RIr5NPuriXLPCbI9EkHI9Wu5QdLvvDaxIrr+9sNO0V27f/zD64/vZRpRnjy5Xyx/sHer41u+7X9URL20Kz6XZMjQwRMTH98URIHBprrez2W5IRvy22LKJruzmz8TXRd54MSfybVB6P1EuFSXM2bY7t2w9NkuYgmMgLUOjcbDSRaGkleB2jqfikrMGmKiGXyxEEVWHTYJOpFCRBRLVCnp+UTqb4s14twiB47lNyOkobVtN1cByHgHW0KSY1TZMYQxtNowH4DBKJBKZm0uR5w6SEHjQ9PBfDBr/Ni4QUsLS5k7EQvGYVplH2NHJAusQ9HBKYr7hG1eM851eD8uRDjGO9/4QL36FOrv5O49C6X9wT1UNbe8687ppIptsDHXbD/AkoVudZ4Wp6i3AkvMWWpA9RjOepvviuYr4QcrTwtcFnmNp8Y3Xn2g3h029aQEHyKbwS/spkuhjKF2vIEcppaWuntXERzJGWFSzjI1BA+A7IXs0VmYwJWSD0tMTANsv29O4tzyC9ecXIjkfG5vp4DTyxr4Ex/tshpte/lanO3j01tLsZURi0JcLQZQmMA3imC1onyIT/WMGD0ajMETlt/QsgyBomMzk4LItQKvmR1p5FG1OtfSf4HgOrUsgipn8b69c7Ai99JpVqm36pU8qSnJcdGQ2VasajwbX9T/TvSrR1XnrcilOealjUvl97NCBwKkb66wcObP7HkSe/N+u75UMRlfledv3Pnp+NZa6Mu5WFihZdILHKvWbO2FU8MjNs5yzDKpioE/PLOPRaLMBtGAiTZ4wT26iL4pz1r5eLiOoKZJ7GaZShyjR+VYREhiYcUpGlzVqzXExTOy4nolhvIkIJdC0URYxeU+1dYAi2gZFon2toUN1ESyeqTYc2eglWOVuaHtlXVEhdB3eTvvjNz7Zq8kXp8SM7XcN9K2/UfuI1GhnbtIfa0np8eP+h9xF4uJRkwVBBvKXtVlnULwyMVtd5N3cW9q3dn0ymHmuYxgUBMQNO/HnTcX8R1M3ufySd7Jr39vzU9Ofip78tHDrt6kT0tBu+X6nWD/OytpKjuFxQNDTJO3f39GF8chqUoQpuBcMwZCg8MJ4798pR7xzJQBOAhC7hyPYXaqXxQw9hduMqvMaO154SkoDtkadvSSr+F4Z3bT5Qy6Tn/u6KpqjgeR4BiVA3DDSI6avSpo5FNRRys2A4FgzLQ6J4qlqzYUNuY3iNt0gBpLBuwY09FHvT9ZH0xOSN5FWfX3TmlSHqCvlK7ktKV/sDshAa6l31zmjf+bNn8onQrmKtktZj4ScnXjhhe3jlRfHsgX0Xd83v+Xmw8Wh/LHYt6/ng5zddaf2spqt0t2p+NaVr9zGMcxb4JUt0WblQBf8/WcfxPcpNCgQfA8Vr1ivwXWeu5DPZOQ82PDyMdHoaIilmsVRCoZgDT+ccxyEaDQMcoKoyeB6IkFcLbEqV6lRo3s1KAbAM5GcmkAzpZHCKaJIXVVgfIZ5LdyTj74qx/gl+rf4BVMoHeN7+/uyTP3/CzufLvj272DHrpq5K9+scJnjBFUb0Q9gAABAASURBVDvndfFkHd5yyhWfSAxc8iHpyPrbdzKcsP34yz4QC/HCqYHMPIb5cj6TSdmuszK34c5phrHj8dOu+ULradf35Xh5U6p3wa88Fg9ZDr+tavp/v+iEkwGGo3mVwHEcEVDaHBIIhWgJyGj6DAePvLkLhqTkg2EYCKSAEpWZ0SGMvLgxHZH8H2BywzV4DR7sa3DMc0POvLj2nzsTkU/VZtK7apk8CJPSRlQRLKLrc+CkCFSCac3aLMKKBRCz1yAvockRtLX0YjpbRd3xEYtHwLFuVyThftVuct8AC9toVHcc2vBAtf3UK68pZ0aXKhHhO6Prb29O5Ov/NJurPuuV+afqTfNqh+e+B9zqJbWOG/rOOP/ByYnCZ2ijfMUyneXjz/+u2Co1YpMjQ+tlzl+bTRd/I3KelF3/o1pXpMxNP/2NDUu4yPskxn84oYfuO25gyYrennlfq1G8VycyhiFo3drRDl6SEY7GbYflUW6Y4FUdohaGQUxhrdlArZpHvTgDibVgE1vpG6VK7cieWj09Om4Wpw7UpgcP1tNDw/1x5Wdhr/b1VsV7tjiyF0I9s59r5C5AHusKm9dMlrbcdUcymloTY7R3Lbry3aGOtrZHVFZ8mxyteZGQ/Pieh39cZDwzNj07jmqtdF2+OqU7jSqz5PIPL5B1bXWhWWe1cNifd+4tx01vunuDLMubIyHtxmCxePDvN6zmrWoi8d0eSV3p+NxNoVjL2Uq8tTfaPg/FBhlFz0c8FoVZr6JKBkSi+E5RFDAkB4/h4EKAwwhgWBEswxDyacKrleAcOrArGpI/WN6/7rNBX6/Fwr4WB/3SmKe2PPDwQFfr33Jm7ZlyZgq0C6FTjCCyDMVDPsU2FniWhW024dg2YrEYXTORyRDz19qCJjGFE9MzSLa1E3S1Pykq+nvJ3eSqDacbS68Xy3XzYx2LFz8S16xMfNXbukRRfm+U2pA05fSmYdYoUHqml7xjrdZczsnRDw8sXX5RJBzTZU2d+/mQ61o3hRNJlGrV/mgyfJlRrexdtepW3jZnPtZ9+k1vXb8KXncy9oRVKw8+/+O/256eGNvqEhSLUB/lcgnTE+OY3PRsgXObF7fEQu+VJNqEPAejWYdVz6Mtptze0578TiocQqNSgcxzgbe6KNHbcR7UlgHHwknmQnZZezz8+f33f+P9++77xmedau79VCaMQubQ7Ppf75MVvwst59wXzFdkot+YnJhcdUiqGhIn/mF8eOgdfjkZOfjo7WtAh6RUjvTN675zenIMNoMPj5Jhsq3GaTXTbUyd3V+smPUNPtwbqCrEkP4ZC9z1kbNuijGs8guJWNtszbhyNl/+QySaXFwjNldWQvAYHk0yLo7jzMFMUl709vQjYHipCnwiYAB2Li4MNqvAeBCJeGKNIrxy+tCCE+dfU9r7xNz4gn5fiyWY12tx3P865gNP/GJTRKteIzRzX5vcsWmGaDK06Bpkih2EwCNyUWh6K0KhFCqVOhrEnmkhEc16jqCbjGiqFelCHUq0DZweR7S7b5nS2bWhb36qHm1vO8thxW8Orl1rRlVVdZqV39Tq+ekA7iVjyV8XdKsOVX1D0/eusF2/Y/D0hF1uVBZDwNzPiHJO5IdSKnl2+8CidXmzkanr/vBBdyxWKRfenworEdx6q8c5xjwBzedAh2GUFoWjEVg0drtaybNu/bjofH1+ft0PnioW0tvqlXypSDS8zLlP88b4Z4dWf/1d+X37vlaZylR0MYxyrirUa82h/DO3bw1yndi/2kpOSwM1x1xBzSP4juj0xnsPCjyz22GYaHCtks9X4bond0XEb/NR+3k2LFzbkeVjIxsGjvAK54Jtdgf1ghLIYfiZJW8TQ+HDxXrjYx0Xvqubk90HrMzU+4K5HH7wZ7lcttCLgUskJRbdP5or75HCLZ8RWjp/yesp+EIIaqw15HISq5AC1qvGHDQWWBcKxfE2zbtGhFLFdGCRclZqFjyWI4NqwyMmN8T7MIuzmH7hyTFjevBLla33LT7y/JrhYGyv5fKaV8JA+MHfkSnvXfcPrUn9fVN7tr84svdFp51iwTB5RZM8xOz0LIIF7+7qIdJGQYMYR4bh0CAL7Ps+GDoHBVYuKa1DkMdlZdiMxNucBFmN/W3Hhe+5YPiRnx+29/3hZkkRVzUto2ZU6r8K+i5mc59xHXdMrhu5jseHugrZbGT40du3BvFSMsSc6AB7LM8xQmFtV6uSrPplh9E0ZWOlWZlTvOmpsUub5dLBoK1KvtBXyRdRrtXRu2hhgWc5qVSdqAefca7TKQliVNNCTtOs3Fzd/sTXg+uGZUaMRlNjyGOwgtKmavJa+fiLb48PnB5uowR4Lj2+pVIonY9Vq3hNtClqBDRNXeN6zLLoireelDuwZibZ3XbL5PTECsu3l5q+g6Zgnwzc6rV3tP9OkYWPBf0EZfm57z5x4JLNQiyevNmo1svVav0Dhx74ZZWVBWvg/JtXBnU6O+c9nuhs/0m+6J8dTnR0lCvGpyvl5koSORiSJ8MTrPQBn9CKosloaWtF4AVrtRoYhkEoEoVDaMAiRQzyfwIDcJ6FVFhFJTvllEcO7Wjv7Xi/cfCZLwT9vR7K60IJX1qI2V3rHkJm2ymyV//y/gdXD9qlKbc1IhFs08G4FsbGxsAIKpRQCyS9FYJKzoBiEQEeOJeYN9IYwZfBeHTFkahZDYWS/Q7bl9YJK258Kr7qXdcxEtvXmBr2mpSVQzbLlGdnx9q1yH3twrxGhFduSaihe+lGOI36B3irucUpV7/jW82rPMc5OLj2++bs7l9ncrv/cOPgc6v3Lz77ug/RTu6YrLJjwT3wuRXJjk5E9AjqhrnAtbx1Qj16U/CZbXgqx6qo1yxe4qL3y4tW3RZct3zPYsMqB02ClogiWyqc0qwW31gY3FxJ71ibg66FICsaiPm1YfUG95h2+WHbMHTw/C8SK2/uzO28Zz36+lc1Pes2Sm/4Ei+eExBMPss9lk5n3tZ/2pVznnTP3l2f8zK6PPv8nZtDcvjL1enZK5JEYDWq4m8Gx6Y/rS5/a0fN8k+Fx72Tsf21MoR+gQybwgmIqiqihFB82ChUcijUsmi4JpqOC05SAVZEwwzCB4amIkIVAKtWABolpHSByJdNw0yz9L1VC9TTZl589LFgHq+Xwr5eJvK/z6N2+OkvdS9qPyd9YPtT00N7IDh18G6DFM0C0WxoNm0YJlCr22BdHwLjgfWp0DlLMSTtCDg+4JNXDMdaUK6ZsF3/XCWSuJtXQ79CR3eY1bUbsH6Vh9Nb3j3YWvnmSHUwNTg89B6eZeeUsGHUVniew4gse8vUxBiFq/XfBGPsWPnWM+KnXxLC9ddz1Wr9Qk3XdwSwUTnhki6PwTKOYSlGsuDTG9NoJBmXrwX3+QwfqpTr6Jk3H5FIyyksoywOrjdlVuQVxU8XcrS9PSQ7OoBo1A0+o+JHEvFZmI1WOgd5fWbemVccV9+7eZaTpQebzcbJ+amJJxKn3XhLRzXPltbffZumadfMDI1dOmnFnMn1qx9lOB6SFJ67v627Z2vBMH41N/Yda74NTt7jci0frimOTjizS4nHDlcb1ofiqRZIiowIkV6RSIhsgEjde3AcC4Q4wXEcNDWCSDwBh+I9lwxhUF9XFYDY6mohDbOaR4Jsi5Gbyo3s2vrUvHmJ95W3P/TJ9WRMqLHX1eN1qYTBCk3seHwaszsu9GuZ/z51eOd20a43kyEVxZkpYuAaUAQZNikjQ3CUZznSOJf0k7ZEcMr6sCn49+m1ajaQaG/HguOXI1OqMtPThbaW3kWwHPmbyvkzX9en5CVtxdjFUmfL3Qjp/vjW4w8E/efKRc9h3DIrcYZPOYeKZQQ/Ksb0gQNfFizp1CC3qEdCOzz4cz8w5RhhgSAIYoPSKhb1qVFusHv+fJBRKAbt6ZreyYJBdjaDWrlKCsVOBNdhC7zLsp4eicKmuVRqBsCw7Rg4vQt0iILEQpIrdAqrKQxOjk2/KThPxeK/ouKGotEWQgHfLjX9gNxgqs/dez98fryVK87d77DCXdPFwjuCezJm46EmJ5zbVUh8Irzyb2Kx7p69LK/fJqpt6Za2nhW2x2lRgpfZWhlyQsdkaRo1GCiTESw3qzBsEywvQVcTkBiNDJOPIA/ICjy8uS9ckJKadaici6TCuCNbnhnXmca35veHbxx/+s4ngzG8Hgv7epzU/z6n2pENX25XnAvyYwd/NrNlw3B3XLcjvItadhItpJTBLuCYP4rBpXiIXCI81iNP6MHjGAKqPvLlCmbzBWhaDF19ixAlEkdV43Bc7lM1H3vK8B6aKJfPCne1bsOqfYStgFZd/ltTchdzkvgZn2efxu51dXStVCAIp9QaViYYY71hXaKG9b3BuRoOneoxDtraW9DamkAuN4uJI4fgK+qcshXLxePjiRjCEYLWDMAIXAjB4bs2z4lsPB5HSNPJkZAh4RUPHO8FHzsNM4+maQfnms7rEUXLBuelYmXvxMhovTXV9hFFC51lzObOjp987fXBZxIvHTId++bgnBXUDeVS5Tg6ZyyfKQjhmFVoWP9k+l7e5+WviKqGKHk0k+B8KBrD1OgoWro6ESPCiyOYaRKkYAQJQT2Gl+GQ12sQ7KzWG6hWqxAZBkXK9bqmAVVgSAE9b2brhrGZoX0/XbS0d2V++0NfH1p335y8aAyvy8cfd9/rcmr/a1Lje54vepObPtLdo589uX/jPfmhnaMLk6LHNfLgyOOxLE+VWQRQCRyJhDYGeTF4LINUextZb47gqAuPlJVy2BgZmYDE61D1GCId3XAkBWI8CldRr5VYdQdOu/o3hbB+an396nTdcjq0SGwDdQC9o/NysbW9UWeNkeD9dLYwr1KuzHnCWrOyNBqPOLO5KWpXgKqJSPZ0gGG8DtDhU/qyVi/AtWukgA4UXczTZYDhBHM6Y9fzFdrQAuKhKLx8uaZLmgM6qsXqQTSdEJ1ibPuamaKv3RucN/c/NE7zvrdarW0QNGVYisY/ZxrOnBd3HcGrN9w3EznDkifcADXUjVNv3MDFWg5IyVQy1NIOLZGCx/OwmCZmy9MwyNtV6jW09C3A7EwJR3YPIRXvg662Q5eTlPmJwifyq0FpIZMial5nEG3RockMjl/QC9aq+sPbN4zOHNnzy4ElPZcZB57+YPDd02Csr/dCO+71PsX/Nb8Aotqjz93UFcW1M4e2/m528MVRwW2C88l7kAayvkfbhAHjs2AoJmPpXTZbAEdxkaro5Fx4CLIAXVfh+CaCGKdcqSERbwV5NXI4DhhWGZi/4Li3kWFfz55+g1ktFq6vpXOmfMZNPQ6EyyOptu1QFppYcvkCD5Ja3bPuYDBCo2qsaJhmMzgfpzwcLwkoVStoyvycknqWEW80ytRPiWJZKpbxR2qeJY+naqVG3YDdaMIyLJDbCVsNIRG0xTLcdmI8AisTvIXi1P4OHSvfHbyRdeUHs4XChwPCyBySDUhMAAAMuUlEQVQ87Xv1g8v3UXqhC7xwRay1c7m4Yuh5k5e2p5Ys8xLt3SsjLR3RetOBx/J/nCvJpW40wYsCEskkIHAwmiZkNYxEVy9KpRoCuNlsWjBpbIF9UxURosDCtQioljIoU/J/7+b1plfN3dvbmbq6eeiZ9w5ueHAOugdj/Gso7F/DJP/POY5tf+zF3IEn3+GOPddXSA//eGLfji3Z0cFCSOCR1CNQOAmwWPCMBEXUwUCA67qwHdIR1qE97hOR2SRvxUFlBVhFA3EpAp1VoXIaCrNVtLV0EomyQBT12ILU/IVfk9XIqMtJNzddZmkswn08lOy4PtLZm8XSS9twyhVJCFpUELUqKQ0kUUGTNrNjE6W7cXUDdHC6vlQnKCoQZOMoseYBc4rFM3yKYzklFSNPQ5CQZ1mA5UUX/ny6DVbDytIFD13XK1h0Zqjh+p/iVPUWnHKKYDjcYYT190Yu/OCa1MWl2/Q3ztwT6eh5oX3+wqW8FoYvSis5WUfVcGKmSyKxXEQicYicCIkVwTrUly9AIWjetHwIooImId9SpQjHM9G0qvDRAMdapHRVkqsL1qxBJjmqnuuVBg8VuXrhh/0d4RXlHQ9fP/rC/TuDMf+1FZLiX9uU/+18mwfW/V1HXD43LPpfmnhx45a9z6wrC04DnakYqhSX2fUKGCIUjEqZlNGDrim0wRyy+Aby+TwUQYRvO7TZmxCJdOA5CTJtXLPpYZZIlHnBtz8EGSIlp1vaOyGHI32mz3zVgXgrRLUPQng17+u/ZAW9E6zU7jPC3P2W6YGnmAq975SxdJXu1usuQ57ZpGQ2y7IeOVEHwcH6OsfzTLaQBxusJnkpNRJnXFbqCr67qieSHGlOOtIiLI3qPSukeKJO1uNkzuu9Fyq/QU0mRZcXL7ZY9r/5ony1wwndpYaJSsMCRBmcohKLGQdPc/DB0pxmUSoUocgyVEVBNBxDvVKFZVlzJZaIwzTq5HwNxBMRNEh+LileSCQ2OjuF4tjBYnn80Aa+mv5Ub1dsaWbrH/5+aP19e4Op/LWWYNn+Wuf+r/Oe3v6gUdn70PeQ2Xh6T4d+zeju5+87smndCGNkC51xFQldoFhLgcKLqJVrxDJ6lPQPQZI0MBwLhgccgrTpfBYWEQ818gaCpqG1qwfpXBEUoqFJBIVBnqRYpfspuBQ0XfAgIJbqPCuW6Lgi1dYDltfIc0iwbAZgROjhpAA+94gY7fsFtNjCQLlTqXZIsu7JSuxinHbje8CrH2UEXlfDKjyehc344HWNj7S3fRCl6QddQfgyG08sdjXtASYavj/U2jEgJ1J6qLXtilh72wmyqgum5SiVusGC5SBrOgRVhRIKIdXeDo7mXKIxOwFU5zgkCXYKEk2Y9WEYVTRqReKyLEQJovuEFqqVEhJtbeBZAenpGUQ0FUY5j6k929J2aWp1f1J6h33wibOmXrj326MUM+OoOf5yA2H/cl0fnT2PbXnwKUxuuqYtxZzu1aa+uP+pP7w4um/LaGFq2PTIqsvkDzWCYzonz/10yqOEs+dbUIlISbXG0dbRDp1Ywjp5rBHKDwqqDDUcAS9KcH3QJlfRSps7EktQbCXQJpdg2h59xiP4hT8DjqCvD10Pk06IjNozcK6mx8+KRhL0nkeFcoVG3ZTqDfsqSQ7/XE/EL2YpJmsSxZ8t5cFJMsIBW8lwy0LzF1wk6dFE27x5YGWlw+GlsCvIsEhBKpYN22dQqxlgXCCkhhAOh+f6aFCcVzUaCL61opC3U6j9iE4GwnPQbNbJSDRgmHWEYxoMilMFngHPOFBZD1GZA0vXNIb403K2NrtvxxO62/hQa1geaOx96i3DLzz8MI4d/0YC7L95d+zNv0ogveO5rHnkhf+B7K5TumLKhVKz9A/FsUPrM4f2zRpk4Y10FgvaOojUscGwFjy/AcKtODx0GMVyAQzHQAuF4JB3YDkgICh8yuMJ9KZaLqJIUFYQBDAsC5e8V5UgnCCJ5FE9sHSNo88CttElgkiLRDrBcLBtFzZ5U1WPorWzF93zF0IkpVPCOizXRjgagUMEU5BO4cmbRVtaUCXCxvVYsKJCsLIFghxGOJYkwxADiICKEIkSllSIDE9GxYHvepgbF8OgYRjIzEyjUathZnwUTrMGykoilSSjwrmo1YtobU0hpMuol7Ko5yeR3rd1Orv7hSetid2f7uJqKzG07oL8lnt/MBukaHDs+PckcEwJ/z2p/B/XJjc/dKS6//Fvu0ceP7czxLyRr2c/amZHHtt7728GG5lpm6lXwZCHMImQ6KSYKKZp4AlYgryTT5Q8z5AS+KRcPsDzLCmkg4BZVVQJ5PigkRIxnEdhnoRaJY8mxVCW3USgDKIio0j5NIbnwHEcKZFEHtMhiFtGejZHHqk5d51hGAReS5YVuASJDWIjp8lYhMijmoYJkxjKapWUanIG1VIDIivROIC5sZHSB8STadsAy0BVVYRCGjRZQnsqhdZoFBoZBYU+C9GrUchB8G04hAxyUyMY3bMtV89NbhCdyufnxdSzCUm8qbz3qW9ObHv4rzrW+z+20X/4lv0PPzn2wb8rgeCfVRYOPPQ9Y3DtxbD3LYhY9WsaExP/lN2yeXNp69bRqX37p7l6E7LjwasRB0KKw7kuLPIqQRF4BtFYmMgXEbVaCRXK/TnkRTnSx4ZZJSUgBaU8muUYCEU0CBIHhryqTUSpRUUM4jEaWYi8bKAwjUYDAstBJ8XJpGcRpCpi4Rg627vQ3TkPZq0Jj7xn4PFiehRd8wYQ1SN0jwCVoGlA6DRdE3JIhRLWYFFsmyNPXioVCY42UcpkSNnqaCHDYhcKGHv66VJ2547BmUMHH22kJ78ZR+OigZS4tLlz7Vml7Y/eNr714T+mTnDseLkSOKaEL1dS/0E9UsqHGoPrP4PivjegtKuvVfXf3Jga/Hx+cM/axpF9e0oTg1aTWEGBFEyknKRbLsEtV0D+CgldIUVgKMq0EQsr8ImV7ehuRQDvPIKXgUd0SYFlWQRHyqyqOjRSBouYSIOU2iVWto1IkKbZQHCtjeBn8GcL8znykPU6CtkcIuRl4wRTOVrpXGaaPKCPGsWOBYKZEl3rSMYhEUw2iF21KiUI5IEVz4ZsNyDSmOvpsezskX1Dkwd3PqnYlS/1D/RdgNmNCzD4xCXWwSc+Nb35oXWDz63N/gfiOXb5ZUiAluFl1DpW5WVLYGbHvdvy++65zRp87FJkN53QzjQXx5zKBWI184/2zOia4pHDWzIHDo5kD+zP18ZHbYs8TqNYQDUzC5lWwyLoyVIAKRL0YwJv6riwmgQTOR4WxYRVIlI0LQRVlqEqEhoNAyA4yfI8jGaTPGsV0ViEoKYDQWRhOcG1AjzfBFWnmLIIXfaor+bcV/fYShmV0bFqfXx0Nr9r+/78np3P8PnZX2vV3OeF4vQtCxKY7w4+ssA88tibMrse/MLwlju3vWxhHKv4siTAvqxaxyr9P0tgbPe6keGtf3hidveDXzWGHr/WGn3y9G6YSwdS+hmqXTs3zDQ/nxLxI8mqPTp7eN/W3JF9h/JHDkwXhg/nyuPDpXpmIl/PTBXr6ZlKdXamXpudMWuzE04jM+k1MhMwCzNo5ok8yU3ByEy71ZmJZmlypFIcGyzlRw8XizMjhcLgvuzMvhdnsoO7hyb2bN5JebpnmHr2TtEs/tCuTN8w0KZd1aliJWaeOQ5T61cVd6+5eWbHmtumdvzhjkMbHqjS5H0qxx6vkgSOKeGrJNj/W7Ojo+ubB7fcdXh855oNM5vW3Db25G8+mNlw9yXOvkdPw6EnFoPV+wYSytI2Hcs7BOfcNsE8r1W0Lkr5xpUJr3ZdxCreFGnmbtYbuVuE/OSHpcrMBzUj986oV3lLK29c0S465/Wqzspu3Tm1xbdWLOtNHN/VEpmPI08OYPDp5eb+dasqLz50Y3bbH/5+auu9d+979tdPje1+cO77rP+3cR/77NWRwDElfHXk+l9rdf9qa/C51dn0pvtHJzeu3jP1wuqdUxvu2jS1ZfVTU1vueSi9/YHVMy8+9NvMjofuKO1f9/3i7kd/lN/58K8yW+9bM71pzRMzm1dvH91478GJF+4fIg88svfJ389SO5RD+a8N69jd/0kJvMzqx5TwZQrqWLVjEni1JHBMCV8tyR5r95gEXqYEjinhyxTUsWrHJPBqSeCYEr5akj3W7jEJvEwJHFPClymoo7nasbG9tiVwTAlf2+t3bPSvAwkcU8LXwSIem8JrWwLHlPC1vX7HRv86kMAxJXwdLOKxKby2JfCfUcLX9kyPjf6YBI5SCRxTwqN0YY4N669HAseU8K9nrY/N9CiVwDElPEoX5tiw/nok8P8BAAD//zMDqHkAAAAGSURBVAMAdx9PU9JzRIIAAAAASUVORK5CYII=\" width=\"104\" /></p>\r\n\r\n<p>lamajsdlkjalk ajsdhkjhasjkhfkjsdhfkj sakjfhkjashdfkjhsadf asjkfdhjksahfkja sajdfhkjasfjkh asfjdhskjadfhkjsa safjkhsakdjfhkjas asdad dasagf gdsfgdf&nbsp;</p>',1),(2,'Profil Sekolah','profil-sekolah','<div>\r\n<div>&nbsp;</div>\r\n\r\n<div>\r\n<h3>Tentang Kami</h3>\r\n\r\n<p>SMA Y8199 Tasikmalaya adalah salah satu sekolah menengah atas unggulan yang berlokasi di Tasikmalaya. Kami berkomitmen untuk memberikan pendidikan terbaik bagi siswa-siswi kami dengan fasilitas modern dan tenaga pengajar yang profesional.</p>\r\n</div>\r\n</div>\r\n\r\n<hr />\r\n<div>\r\n<div>\r\n<div>\r\n<h3>Visi</h3>\r\n\r\n<p>&quot;Terwujudnya sekolah yang unggul dalam prestasi, berlandaskan iman dan taqwa.&quot;</p>\r\n</div>\r\n</div>\r\n\r\n<div>\r\n<div>\r\n<h3>Misi</h3>\r\n\r\n<ul>\r\n	<li>Melaksanakan pembelajaran dan bimbingan secara efektif.</li>\r\n	<li>Menumbuhkan semangat keunggulan secara intensif.</li>\r\n	<li>Mendorong siswa mengenali potensi dirinya.</li>\r\n</ul>\r\n</div>\r\n</div>\r\n</div>',1),(3,'PPDB','ppdb','<p>PPDB</p>',1),(4,'Penerimaan Siswa Baru Tahun Ajaran 2026/2027','ppdb-2027','<p>FGDGDFG</p>',1),(5,'Sejarah Singkat','sejarah-singkat','<h2>Sejarah Singkat</h2><p>Konten untuk Sejarah Singkat belum tersedia. Silakan edit di admin.</p>',1),(6,'Hymne SMANSA','hymne-smansa','<h2>Hymne SMANSA</h2><p>Konten untuk Hymne SMANSA belum tersedia. Silakan edit di admin.</p>',1),(7,'Arti Logo','arti-logo','<h2>Arti Logo</h2><p>Konten untuk Arti Logo belum tersedia. Silakan edit di admin.</p>',1),(8,'Program Unggulan','program-unggulan','<h2>Program Unggulan</h2><p>Konten untuk Program Unggulan belum tersedia. Silakan edit di admin.</p>',1),(9,'Akreditasi','akreditasi','<h2>Akreditasi</h2><p>Konten untuk Akreditasi belum tersedia. Silakan edit di admin.</p>',1),(10,'Sertifikat NPSN','sertifikat-npsn','<h2>Sertifikat NPSN</h2><p>Konten untuk Sertifikat NPSN belum tersedia. Silakan edit di admin.</p>',1),(11,'Dapodik','dapodik','<h2>Dapodik</h2><p>Konten untuk Dapodik belum tersedia. Silakan edit di admin.</p>',1),(12,'Komite Sekolah','komite-sekolah','<h2>Komite Sekolah</h2><p>Konten untuk Komite Sekolah belum tersedia. Silakan edit di admin.</p>',1),(13,'Kepala Sekolah Periode 2025/2026','kepsek-20252026','<p>Yonandi</p>',1),(14,'Kepala Sekolah Periode Tahun 2026','kepsek-20262027','<p>Dian</p>',1),(15,'Akademik','akademik','<p>Akademik</p>',1),(16,'Kesiswaan','kesiswaan','<p>Kesiswaan</p>',1),(17,'Struktur Organisasi TU','struktur-organisasi-tu','<p><a href=\"https://sman1bdg.sch.id/struktur-organisasi-tu/\">Struktur Organisasi TU</a></p>',1);
/*!40000 ALTER TABLE `sekolah_halaman` ENABLE KEYS */;
UNLOCK TABLES;

--
-- Table structure for table `sekolah_kategori`
--

DROP TABLE IF EXISTS `sekolah_kategori`;
/*!40101 SET @saved_cs_client     = @@character_set_client */;
/*!50503 SET character_set_client = utf8mb4 */;
CREATE TABLE `sekolah_kategori` (
  `id` bigint(20) NOT NULL AUTO_INCREMENT,
  `nama` varchar(100) NOT NULL,
  `slug` varchar(50) NOT NULL,
  PRIMARY KEY (`id`),
  UNIQUE KEY `slug` (`slug`)
) ENGINE=InnoDB AUTO_INCREMENT=5 DEFAULT CHARSET=latin1 COLLATE=latin1_swedish_ci;
/*!40101 SET character_set_client = @saved_cs_client */;

--
-- Dumping data for table `sekolah_kategori`
--

LOCK TABLES `sekolah_kategori` WRITE;
/*!40000 ALTER TABLE `sekolah_kategori` DISABLE KEYS */;
INSERT INTO `sekolah_kategori` VALUES (1,'Akademik','akademik'),(2,'Kegiatan','kegiatan'),(3,'Pengumuman','pengumuman'),(4,'PPDB','ppdb');
/*!40000 ALTER TABLE `sekolah_kategori` ENABLE KEYS */;
UNLOCK TABLES;

--
-- Table structure for table `sekolah_konfigurasiserver`
--

DROP TABLE IF EXISTS `sekolah_konfigurasiserver`;
/*!40101 SET @saved_cs_client     = @@character_set_client */;
/*!50503 SET character_set_client = utf8mb4 */;
CREATE TABLE `sekolah_konfigurasiserver` (
  `id` bigint(20) NOT NULL AUTO_INCREMENT,
  `url_git_remote` varchar(255) NOT NULL,
  `ssh_public_key` longtext NOT NULL,
  `mysqldump_path` varchar(255) NOT NULL,
  PRIMARY KEY (`id`)
) ENGINE=InnoDB AUTO_INCREMENT=2 DEFAULT CHARSET=latin1 COLLATE=latin1_swedish_ci;
/*!40101 SET character_set_client = @saved_cs_client */;

--
-- Dumping data for table `sekolah_konfigurasiserver`
--

LOCK TABLES `sekolah_konfigurasiserver` WRITE;
/*!40000 ALTER TABLE `sekolah_konfigurasiserver` DISABLE KEYS */;
INSERT INTO `sekolah_konfigurasiserver` VALUES (1,'https://github.com/lamajido1/websman11tasikmalaya.git','','C:\\laragon82\\bin\\mysql\\mysql-8.4.3-winx64\\bin\\mysqldump.exe');
/*!40000 ALTER TABLE `sekolah_konfigurasiserver` ENABLE KEYS */;
UNLOCK TABLES;

--
-- Table structure for table `sekolah_menu`
--

DROP TABLE IF EXISTS `sekolah_menu`;
/*!40101 SET @saved_cs_client     = @@character_set_client */;
/*!50503 SET character_set_client = utf8mb4 */;
CREATE TABLE `sekolah_menu` (
  `id` bigint(20) NOT NULL AUTO_INCREMENT,
  `nama` varchar(50) NOT NULL,
  `url` varchar(200) NOT NULL,
  `aktif` tinyint(1) NOT NULL,
  `lft` int(10) unsigned NOT NULL CHECK (`lft` >= 0),
  `rght` int(10) unsigned NOT NULL CHECK (`rght` >= 0),
  `tree_id` int(10) unsigned NOT NULL CHECK (`tree_id` >= 0),
  `level` int(10) unsigned NOT NULL CHECK (`level` >= 0),
  `parent_id` bigint(20) DEFAULT NULL,
  PRIMARY KEY (`id`),
  KEY `sekolah_menu_tree_id_c3691058` (`tree_id`),
  KEY `sekolah_menu_parent_id_563eb4ad` (`parent_id`),
  CONSTRAINT `sekolah_menu_parent_id_563eb4ad_fk_sekolah_menu_id` FOREIGN KEY (`parent_id`) REFERENCES `sekolah_menu` (`id`)
) ENGINE=InnoDB AUTO_INCREMENT=40 DEFAULT CHARSET=latin1 COLLATE=latin1_swedish_ci;
/*!40101 SET character_set_client = @saved_cs_client */;

--
-- Dumping data for table `sekolah_menu`
--

LOCK TABLES `sekolah_menu` WRITE;
/*!40000 ALTER TABLE `sekolah_menu` DISABLE KEYS */;
INSERT INTO `sekolah_menu` VALUES (2,'Beranda','/',1,1,2,1,0,NULL),(3,'Profil','/profil/',1,1,28,2,0,NULL),(4,'Guru','/guru/',1,1,2,9,0,NULL),(5,'Berita','/berita/',1,1,2,7,0,NULL),(6,'Galeri','/galeri/',1,1,2,8,0,NULL),(7,'Visi Misi','/halaman/visi-misi-sekolah/',1,12,13,2,1,3),(8,'Sekolah','/halaman/profil-sekolah/',1,10,11,2,1,3),(9,'PPDB','/halaman/ppdb/',1,1,4,10,0,NULL),(10,'2027','/halaman/ppdb-2027/',1,2,3,10,1,9),(11,'Sejarah Singkat','/halaman/sejarah-singkat/',1,8,9,2,1,3),(12,'Hymne SMAN11','/halaman/hymne-smansa/',1,14,15,2,1,3),(13,'Arti Logo','/halaman/arti-logo/',1,18,19,2,1,3),(14,'Program Unggulan','/halaman/program-unggulan/',1,24,25,2,1,3),(15,'Akreditasi','/halaman/akreditasi/',1,16,17,2,1,3),(16,'Sertifikat NPSN','/halaman/sertifikat-npsn/',1,26,27,2,1,3),(17,'Dapodik','/halaman/dapodik/',1,20,21,2,1,3),(18,'Komite Sekolah','/halaman/komite-sekolah/',1,22,23,2,1,3),(19,'Kepala Sekolah','/halaman/kepsek-20252026/',1,2,7,2,1,3),(20,'2025','/halaman/kepsek-20252026/',1,3,4,2,2,19),(21,'2026','/halaman/kepsek-20262027/',1,5,6,2,2,19),(22,'Akademik','/halaman/akademik/',1,1,18,3,0,NULL),(23,'SIAKAD App','#',1,14,15,3,1,22),(24,'Kurikulum Kami','#',1,8,9,3,1,22),(25,'Sekolah Penggerak','#',1,12,13,3,1,22),(26,'Tentang SKS','#',1,16,17,3,1,22),(27,'e-Learning','#',1,6,7,3,1,22),(28,'Bimbingan Konseling','#',1,2,3,3,1,22),(29,'Merdeka Mengajar','#',1,10,11,3,1,22),(30,'Direktori Guru','/guru/',1,4,5,3,1,22),(31,'Kesiswaan','/halaman/kesiswaan/',1,1,12,4,0,NULL),(32,'OSIS','#',1,6,7,4,1,31),(33,'Event SMANSA','#',1,4,5,4,1,31),(34,'Tata Tertib','#',1,10,11,4,1,31),(35,'Standar PSAS','#',1,8,9,4,1,31),(36,'Direktori Siswa','#',1,2,3,4,1,31),(37,'Sarpras & TU','/',1,1,6,6,0,NULL),(38,'Sarana Prasarana','/',1,2,3,6,1,37),(39,'Tata Usaha','/',1,4,5,6,1,37);
/*!40000 ALTER TABLE `sekolah_menu` ENABLE KEYS */;
UNLOCK TABLES;

--
-- Table structure for table `sekolah_pengaturan`
--

DROP TABLE IF EXISTS `sekolah_pengaturan`;
/*!40101 SET @saved_cs_client     = @@character_set_client */;
/*!50503 SET character_set_client = utf8mb4 */;
CREATE TABLE `sekolah_pengaturan` (
  `id` bigint(20) NOT NULL AUTO_INCREMENT,
  `nama_sekolah` varchar(100) NOT NULL,
  `slogan` varchar(255) DEFAULT NULL,
  `logo` varchar(100) DEFAULT NULL,
  `favicon` varchar(100) DEFAULT NULL,
  `alamat` longtext DEFAULT NULL,
  `telepon` varchar(20) DEFAULT NULL,
  `email` varchar(254) DEFAULT NULL,
  `copyright` varchar(100) NOT NULL,
  `facebook` varchar(200) DEFAULT NULL,
  `instagram` varchar(200) DEFAULT NULL,
  `twitter` varchar(200) DEFAULT NULL,
  `youtube` varchar(200) DEFAULT NULL,
  PRIMARY KEY (`id`)
) ENGINE=InnoDB AUTO_INCREMENT=2 DEFAULT CHARSET=latin1 COLLATE=latin1_swedish_ci;
/*!40101 SET character_set_client = @saved_cs_client */;

--
-- Dumping data for table `sekolah_pengaturan`
--

LOCK TABLES `sekolah_pengaturan` WRITE;
/*!40000 ALTER TABLE `sekolah_pengaturan` DISABLE KEYS */;
INSERT INTO `sekolah_pengaturan` VALUES (1,'SMAN 11 Tasikmalaya','Mewujudkan generasi cerdas, berkarakter, dan kompetitif.','pengaturan/logosebeltas.png','pengaturan/logosebeltas_md3WxQW.png','Jl. Raya Tasikmalaya No. 123, Jawa Barat','(0265) 123456','info@sman11tasikmalaya.sch.id',' 2026 Copyright SMAN 11 TSM',NULL,NULL,NULL,NULL);
/*!40000 ALTER TABLE `sekolah_pengaturan` ENABLE KEYS */;
UNLOCK TABLES;

--
-- Table structure for table `sekolah_pengumuman`
--

DROP TABLE IF EXISTS `sekolah_pengumuman`;
/*!40101 SET @saved_cs_client     = @@character_set_client */;
/*!50503 SET character_set_client = utf8mb4 */;
CREATE TABLE `sekolah_pengumuman` (
  `id` bigint(20) NOT NULL AUTO_INCREMENT,
  `judul` varchar(200) NOT NULL,
  `isi` longtext NOT NULL,
  `tanggal` date NOT NULL,
  `file_lampiran` varchar(100) DEFAULT NULL,
  PRIMARY KEY (`id`)
) ENGINE=InnoDB AUTO_INCREMENT=4 DEFAULT CHARSET=latin1 COLLATE=latin1_swedish_ci;
/*!40101 SET character_set_client = @saved_cs_client */;

--
-- Dumping data for table `sekolah_pengumuman`
--

LOCK TABLES `sekolah_pengumuman` WRITE;
/*!40000 ALTER TABLE `sekolah_pengumuman` DISABLE KEYS */;
INSERT INTO `sekolah_pengumuman` VALUES (1,'PPDB Dibuka','Ini adalah pengumuman dummy untuk keperluan tampilan.','2026-02-04',''),(2,'Ujian Tengah Semester','Ini adalah pengumuman dummy untuk keperluan tampilan.','2026-02-04',''),(3,'Libur Nasional','Ini adalah pengumuman dummy untuk keperluan tampilan.','2026-02-04','');
/*!40000 ALTER TABLE `sekolah_pengumuman` ENABLE KEYS */;
UNLOCK TABLES;

--
-- Table structure for table `sekolah_slider`
--

DROP TABLE IF EXISTS `sekolah_slider`;
/*!40101 SET @saved_cs_client     = @@character_set_client */;
/*!50503 SET character_set_client = utf8mb4 */;
CREATE TABLE `sekolah_slider` (
  `id` bigint(20) NOT NULL AUTO_INCREMENT,
  `judul` varchar(100) NOT NULL,
  `subjudul` varchar(200) DEFAULT NULL,
  `gambar` varchar(100) NOT NULL,
  `urutan` int(11) NOT NULL,
  `aktif` tinyint(1) NOT NULL,
  PRIMARY KEY (`id`)
) ENGINE=InnoDB AUTO_INCREMENT=4 DEFAULT CHARSET=latin1 COLLATE=latin1_swedish_ci;
/*!40101 SET character_set_client = @saved_cs_client */;

--
-- Dumping data for table `sekolah_slider`
--

LOCK TABLES `sekolah_slider` WRITE;
/*!40000 ALTER TABLE `sekolah_slider` DISABLE KEYS */;
INSERT INTO `sekolah_slider` VALUES (1,'SMAN 11 Tasikmalaya','Sekolah Unit Baru (USB)','sliders/hqdefault.jpg',1,1),(2,'Highlight 2','Informasi unggulan sekolah','sliders/slide_2.jpg',2,1),(3,'Highlight 3','Informasi unggulan sekolah','sliders/slide_3.jpg',3,1);
/*!40000 ALTER TABLE `sekolah_slider` ENABLE KEYS */;
UNLOCK TABLES;

--
-- Table structure for table `sekolah_updateaplikasi`
--

DROP TABLE IF EXISTS `sekolah_updateaplikasi`;
/*!40101 SET @saved_cs_client     = @@character_set_client */;
/*!50503 SET character_set_client = utf8mb4 */;
CREATE TABLE `sekolah_updateaplikasi` (
  `id` bigint(20) NOT NULL AUTO_INCREMENT,
  `tanggal` datetime(6) NOT NULL,
  `versi` varchar(50) NOT NULL,
  `status` varchar(20) NOT NULL,
  `log` longtext NOT NULL,
  PRIMARY KEY (`id`)
) ENGINE=InnoDB AUTO_INCREMENT=5 DEFAULT CHARSET=latin1 COLLATE=latin1_swedish_ci;
/*!40101 SET character_set_client = @saved_cs_client */;

--
-- Dumping data for table `sekolah_updateaplikasi`
--

LOCK TABLES `sekolah_updateaplikasi` WRITE;
/*!40000 ALTER TABLE `sekolah_updateaplikasi` DISABLE KEYS */;
INSERT INTO `sekolah_updateaplikasi` VALUES (3,'2026-02-09 11:41:30.098349','Latest Push','Sukses','=== GIT STATUS ===\nOn branch main\nChanges not staged for commit:\n  (use \"git add <file>...\" to update what will be committed)\n  (use \"git restore <file>...\" to discard changes in working directory)\n	modified:   pengaturan/__pycache__/admin.cpython-313.pyc\n	modified:   pengaturan/admin.py\n\nno changes added to commit (use \"git add\" and/or \"git commit -a\")\n\n\n=== GIT ADD ===\n\n\n=== GIT COMMIT ===\n[main 38182b8] Auto-save from Admin Panel: None\n 2 files changed, 11 insertions(+), 2 deletions(-)\n\n\n=== GIT PUSH ===\nPushing to branch: main\nbranch \'main\' set up to track \'origin/main\'.\n\nSTDERR: To https://github.com/lamajido1/websman11tasikmalaya.git\n * [new branch]      main -> main\n'),(4,'2026-02-23 07:47:18.873417','Latest Push','Sukses','=== GIT STATUS ===\nOn branch main\nYour branch is up to date with \'origin/main\'.\n\nChanges not staged for commit:\n  (use \"git add <file>...\" to update what will be committed)\n  (use \"git restore <file>...\" to discard changes in working directory)\n	modified:   berita/__pycache__/admin.cpython-313.pyc\n	modified:   berita/admin.py\n	modified:   galeri/__pycache__/admin.cpython-313.pyc\n	modified:   galeri/admin.py\n	modified:   media/galeri/galeri_4.jpg\n	modified:   pengaturan/__pycache__/admin.cpython-313.pyc\n	modified:   pengaturan/__pycache__/models.cpython-313.pyc\n	modified:   pengaturan/admin.py\n	modified:   pengaturan/models.py\n	modified:   sekolah/__pycache__/admin.cpython-313.pyc\n	modified:   sekolah/__pycache__/urls.cpython-313.pyc\n	modified:   sekolah/__pycache__/views.cpython-313.pyc\n	modified:   sekolah/admin.py\n	modified:   sekolah/urls.py\n	modified:   sekolah/views.py\n	modified:   templates/sekolah/beranda.html\n	modified:   templates/sekolah/berita_detail.html\n	modified:   templates/sekolah/berita_list.html\n	modified:   templates/sekolah/galeri.html\n	modified:   templates/sekolah/guru.html\n	modified:   templates/sekolah/halaman_detail.html\n	modified:   templates/sekolah/profil.html\n\nUntracked files:\n  (use \"git add <file>...\" to include in what will be committed)\n	media/galeri/detail/\n	media/galeri/hqdefault.jpg\n	pengaturan/migrations/0002_backupdatabase_alter_konfigurasiserver_options_and_more.py\n	pengaturan/migrations/__pycache__/0002_backupdatabase_alter_konfigurasiserver_options_and_more.cpython-313.pyc\n	templates/admin/pagination.html\n	templates/sekolah/galeri_detail.html\n\nno changes added to commit (use \"git add\" and/or \"git commit -a\")\n\n\n=== GIT ADD ===\n\n\n=== GIT COMMIT ===\n[main 1658668] Auto-save from Admin Panel: None\n 30 files changed, 378 insertions(+), 32 deletions(-)\n create mode 100644 media/galeri/detail/20260204_5211924_662-qris.png\n create mode 100644 media/galeri/detail/hqdefault.jpg\n create mode 100644 media/galeri/detail/logosebeltas.jpg\n create mode 100644 media/galeri/hqdefault.jpg\n create mode 100644 pengaturan/migrations/0002_backupdatabase_alter_konfigurasiserver_options_and_more.py\n create mode 100644 pengaturan/migrations/__pycache__/0002_backupdatabase_alter_konfigurasiserver_options_and_more.cpython-313.pyc\n create mode 100644 templates/admin/pagination.html\n create mode 100644 templates/sekolah/galeri_detail.html\n\n\n=== GIT PUSH ===\nPushing to branch: main\nbranch \'main\' set up to track \'origin/main\'.\n\nSTDERR: To https://github.com/lamajido1/websman11tasikmalaya.git\n   8961343..1658668  main -> main\n');
/*!40000 ALTER TABLE `sekolah_updateaplikasi` ENABLE KEYS */;
UNLOCK TABLES;
/*!40103 SET TIME_ZONE=@OLD_TIME_ZONE */;

/*!40101 SET SQL_MODE=@OLD_SQL_MODE */;
/*!40014 SET FOREIGN_KEY_CHECKS=@OLD_FOREIGN_KEY_CHECKS */;
/*!40014 SET UNIQUE_CHECKS=@OLD_UNIQUE_CHECKS */;
/*!40101 SET CHARACTER_SET_CLIENT=@OLD_CHARACTER_SET_CLIENT */;
/*!40101 SET CHARACTER_SET_RESULTS=@OLD_CHARACTER_SET_RESULTS */;
/*!40101 SET COLLATION_CONNECTION=@OLD_COLLATION_CONNECTION */;
/*!40111 SET SQL_NOTES=@OLD_SQL_NOTES */;

-- Dump completed on 2026-02-23 14:47:36
